customer_id,age,contract_type,monthly_charge,total_charges,tenure_months,internet_service,tech_support,churn
C00001,56,Two year,114.68,6194.8,53,DSL,Yes,0
C00002,69,Month-to-month,51.73,,66,DSL,Yes,0
C00003,46,Two year,56.62,2403.14,43,Fiber optic,Yes,0
C00004,32,One year,73.56,1834.23,23,Fiber optic,Yes,0
C00005,60,One year,103.85,5534.7,55,DSL,Yes,0
C00006,25,One year,86.35,1258.56,16,No,No,0
C00007,38,Two year,75.37,567.29,8,No,No,0
C00008,56,Month-to-month,76.58,301.34,4,Fiber optic,Yes,0
C00009,36,Month-to-month,66.09,249.54,4,Fiber optic,Yes,0
C00010,40,One year,78.95,3979.28,56,No,No,0
C00011,28,Two year,20.0,541.5,25,DSL,Yes,0
C00012,28,One year,57.58,4123.19,67,Fiber optic,Yes,0
C00013,41,One year,71.03,4989.62,67,DSL,Yes,0
C00014,70,Month-to-month,36.22,912.97,27,Fiber optic,No,0
C00015,53,Two year,74.66,2207.72,32,DSL,No,0
C00016,57,Month-to-month,59.89,2735.54,50,No,Yes,0
C00017,41,One year,108.89,6939.9,61,No,No,0
C00018,20,Month-to-month,104.33,5777.15,51,DSL,No,0
C00019,39,Month-to-month,53.35,999.57,19,Fiber optic,No,1
C00020,70,Month-to-month,61.23,1187.89,21,No,No,0
C00021,19,Month-to-month,63.15,316.53,5,Fiber optic,No,0
C00022,41,One year,53.71,2187.62,42,No,Yes,0
C00023,61,Month-to-month,69.88,,61,Fiber optic,Yes,0
C00024,47,Month-to-month,46.04,1037.46,22,DSL,No,0
C00025,55,Month-to-month,36.73,805.07,21,DSL,No,0
C00026,19,Month-to-month,80.57,5200.67,70,DSL,No,1
C00027,38,Month-to-month,80.74,73.24,1,Fiber optic,No,0
C00028,50,Month-to-month,44.89,246.64,5,DSL,No,0
C00029,29,One year,87.38,992.51,12,Fiber optic,Yes,0
C00030,39,One year,49.21,2061.66,46,Fiber optic,No,0
C00031,61,One year,71.33,2274.8,34,Fiber optic,No,0
C00032,42,Month-to-month,85.51,3803.64,49,No,No,1
C00033,66,Month-to-month,64.16,2824.73,45,No,No,0
C00034,44,Two year,76.37,2186.7,27,Fiber optic,No,0
C00035,59,One year,52.09,1311.34,26,No,Yes,0
C00036,45,Month-to-month,60.09,2792.7,47,Fiber optic,No,0
C00037,33,Month-to-month,59.85,3469.3,56,Fiber optic,Yes,0
C00038,32,Month-to-month,46.34,2924.61,63,No,No,1
C00039,64,Month-to-month,60.58,3118.05,48,DSL,No,1
C00040,68,Month-to-month,26.28,1720.44,61,DSL,Yes,0
C00041,61,One year,52.72,1236.36,26,No,No,0
C00042,72,One year,57.88,2199.55,36,Fiber optic,No,0
C00043,69,One year,58.6,58.14,1,No,No,0
C00044,74,One year,58.96,517.8,8,No,Yes,0
C00045,20,Two year,63.46,3288.85,52,DSL,No,0
C00046,54,One year,76.99,,47,No,No,0
C00047,68,Two year,86.86,5111.81,56,Fiber optic,No,0
C00048,24,Month-to-month,48.76,648.32,14,Fiber optic,Yes,0
C00049,38,Month-to-month,34.92,985.27,28,Fiber optic,No,0
C00050,26,Month-to-month,38.95,85.57,2,No,No,0
C00051,56,One year,52.82,1471.52,26,DSL,Yes,0
C00052,35,Two year,56.2,723.44,14,Fiber optic,Yes,0
C00053,21,Month-to-month,45.75,2810.66,59,Fiber optic,Yes,0
C00054,42,Two year,32.6,1769.22,56,Fiber optic,No,0
C00055,31,Month-to-month,53.6,338.2,7,Fiber optic,No,1
C00056,67,Two year,69.54,204.59,3,DSL,No,0
C00057,26,Month-to-month,79.88,1739.78,23,DSL,Yes,0
C00058,43,Month-to-month,51.06,977.69,18,DSL,No,0
C00059,70,Month-to-month,54.68,2010.24,38,No,Yes,0
C00060,19,Month-to-month,41.83,668.55,15,DSL,Yes,0
C00061,37,Month-to-month,64.21,3698.99,64,DSL,No,0
C00062,45,Month-to-month,43.79,1178.99,28,No,Yes,0
C00063,64,Two year,79.33,2933.71,39,DSL,No,0
C00064,24,One year,20.35,1098.14,57,No,Yes,0
C00065,61,Month-to-month,56.01,869.94,17,Fiber optic,No,0
C00066,25,One year,72.53,2991.62,44,No,No,0
C00067,64,One year,69.6,1759.33,25,DSL,No,0
C00068,52,Month-to-month,120.0,1954.88,17,DSL,Yes,0
C00069,31,Month-to-month,73.75,942.91,13,Fiber optic,Yes,0
C00070,34,Month-to-month,39.9,972.93,25,No,No,0
C00071,53,Month-to-month,62.61,4577.56,68,Fiber optic,Yes,0
C00072,67,One year,20.59,222.59,10,DSL,No,0
C00073,57,Month-to-month,62.99,4214.39,67,Fiber optic,No,0
C00074,21,One year,44.17,768.05,18,Fiber optic,Yes,0
C00075,19,One year,87.88,2752.95,34,Fiber optic,Yes,0
C00076,23,Month-to-month,51.26,447.27,8,Fiber optic,No,1
C00077,71,One year,62.08,2264.79,40,No,No,0
C00078,59,Month-to-month,49.11,1979.15,42,Fiber optic,No,0
C00079,21,Two year,108.47,4267.66,41,DSL,No,0
C00080,71,Month-to-month,56.97,329.54,6,Fiber optic,No,1
C00081,46,Two year,110.81,5375.24,52,DSL,Yes,0
C00082,35,One year,85.35,2344.77,26,Fiber optic,No,0
C00083,43,Month-to-month,77.05,4558.89,64,Fiber optic,No,1
C00084,61,One year,74.22,4497.13,59,DSL,Yes,0
C00085,51,Two year,74.84,3875.74,56,DSL,Yes,0
C00086,27,One year,20.0,1078.65,59,DSL,Yes,0
C00087,53,Two year,58.03,4394.73,70,No,Yes,0
C00088,31,Two year,86.13,2666.14,33,No,No,0
C00089,48,Month-to-month,63.78,3597.53,53,DSL,Yes,0
C00090,65,Month-to-month,29.87,663.01,22,No,Yes,0
C00091,32,One year,63.69,1224.57,21,Fiber optic,Yes,0
C00092,25,Month-to-month,107.6,8218.09,70,DSL,No,0
C00093,31,Two year,96.17,6391.21,70,DSL,No,0
C00094,40,Two year,63.45,272.06,4,Fiber optic,No,0
C00095,74,Month-to-month,88.79,5140.34,62,Fiber optic,Yes,0
C00096,57,Month-to-month,55.84,3707.16,62,Fiber optic,No,1
C00097,38,One year,22.4,485.26,24,DSL,No,0
C00098,33,Month-to-month,41.89,,55,DSL,Yes,0
C00099,62,Two year,104.07,987.1,9,Fiber optic,Yes,0
C00100,35,Month-to-month,58.15,189.62,3,DSL,Yes,1
C00101,64,One year,58.92,1976.0,31,DSL,Yes,0
C00102,70,Month-to-month,57.5,2447.03,40,DSL,No,0
C00103,41,One year,112.6,4368.31,36,No,No,0
C00104,43,Month-to-month,105.65,,24,No,No,0
C00105,42,One year,120.0,688.92,6,Fiber optic,No,0
C00106,62,Month-to-month,61.02,3857.34,66,No,No,0
C00107,58,One year,72.39,282.44,4,DSL,No,0
C00108,46,Two year,27.08,159.01,6,Fiber optic,No,0
C00109,32,Month-to-month,101.92,5244.24,51,DSL,Yes,0
C00110,62,Month-to-month,35.81,2069.19,62,Fiber optic,Yes,0
C00111,18,Month-to-month,70.42,4167.47,57,No,No,0
C00112,42,One year,37.57,2314.76,66,Fiber optic,Yes,0
C00113,24,One year,50.28,386.98,8,DSL,Yes,0
C00114,26,One year,44.07,1146.59,26,Fiber optic,No,0
C00115,41,Month-to-month,49.8,2690.38,51,DSL,No,0
C00116,18,Month-to-month,51.52,2429.44,45,No,No,0
C00117,61,One year,51.29,2322.45,44,Fiber optic,No,0
C00118,25,Month-to-month,85.83,399.61,5,Fiber optic,No,0
C00119,41,Two year,37.38,2641.22,70,Fiber optic,No,0
C00120,28,Month-to-month,70.51,1682.0,26,Fiber optic,No,1
C00121,68,One year,95.45,6331.4,68,DSL,No,0
C00122,34,Month-to-month,52.17,974.08,19,Fiber optic,No,0
C00123,25,Month-to-month,47.05,854.39,20,DSL,No,0
C00124,52,One year,59.24,678.75,12,Fiber optic,No,0
C00125,52,One year,94.49,4845.74,47,No,No,0
C00126,50,Two year,69.85,76.19,1,No,Yes,0
C00127,22,Month-to-month,51.72,702.69,14,Fiber optic,Yes,1
C00128,59,Month-to-month,77.1,4483.49,64,Fiber optic,Yes,1
C00129,56,One year,37.44,1331.41,38,DSL,No,0
C00130,58,One year,82.03,2969.68,37,Fiber optic,Yes,0
C00131,45,Month-to-month,75.22,901.52,11,DSL,Yes,0
C00132,24,Month-to-month,57.3,159.56,3,Fiber optic,No,0
C00133,26,Month-to-month,44.04,1529.91,33,DSL,Yes,0
C00134,25,Two year,42.83,236.87,6,DSL,No,1
C00135,29,Month-to-month,78.37,4295.66,50,Fiber optic,Yes,0
C00136,51,Month-to-month,95.72,934.54,10,DSL,No,0
C00137,50,Month-to-month,49.07,258.86,5,Fiber optic,No,0
C00138,65,Month-to-month,76.46,1703.22,23,DSL,No,0
C00139,72,Month-to-month,20.0,205.11,10,DSL,No,1
C00140,40,One year,50.38,2080.18,44,Fiber optic,No,0
C00141,41,Month-to-month,64.22,119.35,2,DSL,Yes,0
C00142,54,Two year,42.26,597.51,13,DSL,Yes,0
C00143,52,Month-to-month,41.59,1802.56,40,Fiber optic,Yes,0
C00144,61,One year,48.31,104.11,2,DSL,No,0
C00145,57,Two year,72.3,4817.39,65,No,No,0
C00146,39,One year,60.32,4034.45,63,DSL,No,0
C00147,44,One year,20.0,,17,DSL,Yes,0
C00148,52,Month-to-month,20.0,174.05,9,Fiber optic,No,1
C00149,18,Month-to-month,49.83,719.6,15,DSL,No,0
C00150,52,One year,76.44,1884.33,24,DSL,No,0
C00151,54,Two year,20.0,738.11,38,DSL,No,0
C00152,64,One year,52.51,,35,DSL,Yes,0
C00153,31,One year,51.84,2589.17,49,No,No,0
C00154,20,One year,99.71,7312.58,69,DSL,No,0
C00155,18,Month-to-month,55.37,3352.01,62,Fiber optic,Yes,0
C00156,22,Month-to-month,74.57,4145.14,60,No,Yes,1
C00157,43,One year,68.53,3218.64,50,Fiber optic,No,0
C00158,72,Two year,20.0,170.55,9,No,No,0
C00159,31,Month-to-month,84.21,2748.56,34,DSL,No,0
C00160,56,One year,70.38,2533.65,35,No,Yes,0
C00161,44,Month-to-month,77.71,79.28,1,DSL,No,1
C00162,26,One year,120.0,4988.24,40,Fiber optic,No,0
C00163,32,Month-to-month,20.0,1244.8,64,Fiber optic,No,0
C00164,32,Month-to-month,108.12,2532.77,22,DSL,No,0
C00165,43,One year,57.81,3263.32,60,Fiber optic,Yes,0
C00166,59,Month-to-month,72.18,4590.92,64,Fiber optic,No,0
C00167,30,One year,63.86,744.74,11,DSL,Yes,0
C00168,68,One year,54.39,712.75,14,DSL,No,0
C00169,49,Two year,50.75,2807.41,60,Fiber optic,No,0
C00170,56,Month-to-month,73.24,2365.81,30,Fiber optic,No,0
C00171,66,Month-to-month,27.07,917.69,35,No,No,0
C00172,69,Month-to-month,83.76,3213.09,37,Fiber optic,No,0
C00173,49,Two year,54.6,247.08,5,No,No,0
C00174,21,Two year,36.75,991.82,26,Fiber optic,No,0
C00175,47,One year,53.75,3209.93,62,DSL,No,0
C00176,54,Two year,96.43,351.45,4,DSL,No,0
C00177,40,One year,51.62,2215.66,42,Fiber optic,No,0
C00178,56,One year,73.96,1262.27,18,Fiber optic,Yes,0
C00179,62,Month-to-month,46.73,1826.88,40,DSL,No,0
C00180,32,One year,83.95,2999.41,39,DSL,Yes,0
C00181,60,Month-to-month,82.14,1068.81,14,No,No,0
C00182,46,Two year,111.22,3415.24,32,Fiber optic,Yes,1
C00183,53,One year,60.61,2837.49,51,Fiber optic,No,0
C00184,30,One year,81.72,3360.51,38,Fiber optic,No,0
C00185,49,Month-to-month,67.45,1398.09,23,DSL,No,0
C00186,24,Month-to-month,97.4,6116.39,63,DSL,No,0
C00187,68,Month-to-month,47.03,652.29,15,DSL,Yes,1
C00188,39,Month-to-month,83.63,2010.33,25,DSL,Yes,0
C00189,45,Month-to-month,60.13,1109.31,17,Fiber optic,Yes,0
C00190,19,Two year,63.4,3901.28,66,Fiber optic,No,0
C00191,59,One year,67.29,3898.64,53,No,No,0
C00192,62,Month-to-month,71.31,3422.82,51,No,No,0
C00193,74,Month-to-month,62.09,2538.5,39,DSL,Yes,0
C00194,70,Month-to-month,70.37,3622.37,51,Fiber optic,Yes,0
C00195,23,One year,104.45,7873.72,70,Fiber optic,No,0
C00196,45,One year,89.64,543.65,6,No,No,0
C00197,45,Two year,86.73,5851.07,67,DSL,No,0
C00198,61,Month-to-month,53.61,352.41,7,Fiber optic,No,1
C00199,61,Two year,42.77,,51,Fiber optic,No,0
C00200,37,Two year,88.88,4043.91,42,DSL,Yes,0
C00201,47,Month-to-month,86.9,5370.1,64,DSL,No,0
C00202,28,Two year,101.82,1488.23,15,Fiber optic,No,0
C00203,72,Month-to-month,49.9,1522.3,29,Fiber optic,Yes,0
C00204,45,Two year,59.26,1892.54,33,DSL,No,0
C00205,42,Month-to-month,24.01,706.88,27,Fiber optic,Yes,0
C00206,56,Two year,55.19,2081.38,36,DSL,No,0
C00207,50,Two year,89.91,2658.2,29,Fiber optic,Yes,0
C00208,18,Two year,53.34,2181.33,38,DSL,No,0
C00209,74,One year,81.01,4201.62,57,No,Yes,0
C00210,44,Month-to-month,60.24,1547.45,27,DSL,No,1
C00211,74,Month-to-month,73.1,3992.39,55,DSL,No,0
C00212,69,Month-to-month,36.31,1132.8,33,DSL,No,0
C00213,30,Month-to-month,67.13,4787.52,68,DSL,No,0
C00214,58,One year,20.0,1430.67,66,Fiber optic,No,0
C00215,20,Month-to-month,60.33,594.1,10,DSL,Yes,0
C00216,56,Two year,24.24,117.37,5,No,Yes,0
C00217,23,One year,95.15,3949.47,38,DSL,Yes,0
C00218,25,Two year,84.44,1085.61,13,DSL,No,0
C00219,44,Month-to-month,76.67,2371.56,31,DSL,Yes,0
C00220,26,Two year,103.03,4698.74,47,DSL,No,0
C00221,54,Two year,41.28,2322.38,52,DSL,No,0
C00222,50,Month-to-month,108.68,6170.01,56,Fiber optic,Yes,0
C00223,68,One year,88.3,1393.95,15,Fiber optic,Yes,0
C00224,59,One year,59.09,1820.47,29,Fiber optic,Yes,0
C00225,61,Month-to-month,93.39,723.49,8,Fiber optic,No,0
C00226,41,One year,37.34,184.22,5,Fiber optic,Yes,0
C00227,32,Month-to-month,44.39,1377.03,29,DSL,Yes,0
C00228,71,Month-to-month,49.79,2276.13,47,Fiber optic,No,1
C00229,49,Month-to-month,51.78,3728.03,68,No,No,0
C00230,49,Month-to-month,38.59,1889.71,45,Fiber optic,Yes,0
C00231,41,Month-to-month,95.58,195.87,2,Fiber optic,Yes,1
C00232,58,Month-to-month,58.53,1656.68,27,DSL,Yes,0
C00233,69,Two year,73.81,2819.3,36,Fiber optic,No,0
C00234,66,One year,50.74,1952.69,36,Fiber optic,No,1
C00235,66,Two year,20.0,509.09,26,Fiber optic,Yes,0
C00236,69,Month-to-month,71.75,2808.36,43,No,Yes,0
C00237,29,Month-to-month,20.0,529.4,27,DSL,No,0
C00238,56,One year,63.28,4518.06,69,DSL,No,0
C00239,19,Month-to-month,30.79,609.69,20,Fiber optic,Yes,0
C00240,20,Month-to-month,114.68,1324.29,11,No,No,0
C00241,66,One year,87.78,3240.23,38,DSL,Yes,0
C00242,54,Month-to-month,67.64,416.78,6,DSL,Yes,0
C00243,66,One year,96.59,2082.24,23,DSL,No,0
C00244,73,One year,43.84,2163.24,47,DSL,No,0
C00245,34,Month-to-month,78.59,3648.18,46,Fiber optic,No,0
C00246,66,Month-to-month,70.0,790.28,12,Fiber optic,No,0
C00247,19,One year,71.6,892.06,13,DSL,No,0
C00248,19,Month-to-month,96.81,,62,DSL,No,0
C00249,45,Month-to-month,83.31,4981.21,60,DSL,No,0
C00250,71,Two year,72.22,2929.09,43,DSL,No,0
C00251,40,Month-to-month,23.63,1757.01,68,Fiber optic,No,0
C00252,54,One year,41.0,213.82,5,No,Yes,0
C00253,49,Two year,61.93,2500.91,37,No,No,0
C00254,50,Month-to-month,67.33,2056.8,31,DSL,No,0
C00255,18,Month-to-month,36.74,329.01,9,No,No,1
C00256,36,Month-to-month,120.0,6607.1,51,Fiber optic,Yes,0
C00257,19,Month-to-month,102.91,2999.34,29,Fiber optic,No,1
C00258,70,Month-to-month,80.05,3334.74,40,Fiber optic,No,0
C00259,61,One year,66.8,2603.05,41,DSL,Yes,0
C00260,43,Month-to-month,59.69,649.59,11,DSL,No,0
C00261,49,One year,41.2,876.24,23,DSL,Yes,0
C00262,23,Two year,66.94,63.0,1,DSL,Yes,0
C00263,49,Two year,71.44,2958.24,46,DSL,No,0
C00264,72,One year,33.96,647.44,21,Fiber optic,No,1
C00265,21,Month-to-month,73.35,2892.66,36,Fiber optic,No,1
C00266,72,One year,61.12,3130.41,54,Fiber optic,Yes,0
C00267,28,One year,20.0,1177.23,57,DSL,No,0
C00268,73,Month-to-month,43.49,46.44,1,No,Yes,0
C00269,34,Month-to-month,54.66,3478.47,63,No,Yes,0
C00270,55,Two year,112.19,5637.99,54,Fiber optic,Yes,0
C00271,41,Month-to-month,78.91,4538.06,55,No,No,0
C00272,22,Month-to-month,31.61,1289.75,40,Fiber optic,No,0
C00273,69,Month-to-month,77.15,1210.77,15,No,No,0
C00274,51,Month-to-month,26.32,582.54,21,DSL,No,1
C00275,23,Two year,92.07,4738.74,47,DSL,Yes,0
C00276,39,One year,53.22,2862.16,53,DSL,No,0
C00277,28,One year,62.66,546.08,9,DSL,No,0
C00278,65,Month-to-month,98.14,5254.81,52,DSL,No,1
C00279,33,Month-to-month,32.82,1709.27,57,Fiber optic,Yes,0
C00280,50,Month-to-month,30.07,843.96,26,Fiber optic,No,0
C00281,26,Month-to-month,50.41,1909.48,41,Fiber optic,No,0
C00282,23,Month-to-month,90.96,3073.98,35,DSL,No,0
C00283,33,One year,27.02,1809.76,63,No,No,0
C00284,46,Month-to-month,20.0,509.73,25,Fiber optic,Yes,0
C00285,20,One year,53.72,1997.93,38,DSL,No,0
C00286,37,Month-to-month,78.79,156.74,2,Fiber optic,Yes,1
C00287,53,Month-to-month,95.01,712.23,7,DSL,No,0
C00288,36,Month-to-month,53.42,1758.16,34,DSL,No,0
C00289,43,Two year,54.71,998.83,17,No,Yes,0
C00290,20,Two year,93.85,3703.13,43,DSL,No,0
C00291,36,Two year,20.0,1245.32,59,Fiber optic,No,0
C00292,37,Month-to-month,55.29,3015.79,51,No,Yes,1
C00293,49,Month-to-month,69.76,3527.32,54,Fiber optic,No,0
C00294,24,One year,76.23,1804.03,24,DSL,Yes,0
C00295,69,Month-to-month,52.25,1218.86,25,DSL,No,0
C00296,58,Two year,65.86,4869.28,71,DSL,No,0
C00297,50,Month-to-month,20.0,1047.35,52,Fiber optic,No,0
C00298,57,Month-to-month,48.54,3489.76,70,Fiber optic,No,0
C00299,56,Month-to-month,76.34,2366.3,33,DSL,No,0
C00300,35,Month-to-month,40.44,,49,No,No,0
C00301,57,One year,66.47,,29,Fiber optic,Yes,0
C00302,18,Month-to-month,76.17,4627.94,63,DSL,No,1
C00303,28,Month-to-month,56.44,1256.52,22,Fiber optic,No,0
C00304,45,Month-to-month,69.26,1929.67,26,Fiber optic,Yes,0
C00305,74,Month-to-month,40.93,,28,DSL,No,0
C00306,42,One year,59.83,2893.79,49,DSL,No,0
C00307,67,Two year,80.26,6214.88,71,No,No,0
C00308,40,Two year,68.92,3525.16,49,Fiber optic,Yes,0
C00309,48,One year,50.34,1093.42,20,Fiber optic,Yes,0
C00310,47,Month-to-month,70.61,4472.97,63,Fiber optic,Yes,0
C00311,59,One year,82.87,4811.32,61,DSL,No,0
C00312,52,Month-to-month,20.0,892.35,49,DSL,Yes,0
C00313,24,Month-to-month,93.98,6974.29,71,Fiber optic,No,0
C00314,33,Two year,56.59,52.3,1,DSL,Yes,0
C00315,43,Month-to-month,75.64,944.53,13,DSL,No,0
C00316,65,Two year,94.93,,51,No,Yes,0
C00317,74,Month-to-month,30.71,1741.92,56,No,No,0
C00318,69,One year,47.26,2989.06,62,Fiber optic,Yes,0
C00319,66,One year,57.79,1725.84,32,No,No,0
C00320,19,Two year,45.41,1329.53,30,DSL,Yes,0
C00321,18,One year,108.37,3216.39,29,No,No,0
C00322,65,One year,43.58,2336.07,49,DSL,No,0
C00323,29,Month-to-month,51.11,2404.66,45,No,Yes,0
C00324,22,One year,70.11,2281.07,30,No,No,0
C00325,54,Month-to-month,34.95,588.53,16,Fiber optic,No,0
C00326,49,One year,55.11,2244.84,40,No,Yes,0
C00327,72,One year,72.94,,19,Fiber optic,No,0
C00328,26,One year,56.68,1054.25,18,DSL,Yes,0
C00329,58,Month-to-month,62.67,64.22,1,Fiber optic,No,0
C00330,52,Month-to-month,51.77,2483.06,47,Fiber optic,No,0
C00331,36,One year,27.14,1787.58,66,DSL,Yes,0
C00332,65,Month-to-month,73.04,2791.43,38,Fiber optic,No,1
C00333,33,Month-to-month,108.87,5368.52,51,No,No,0
C00334,20,Month-to-month,65.46,4139.91,63,DSL,No,0
C00335,37,Two year,70.63,265.43,4,Fiber optic,No,0
C00336,41,One year,82.32,87.34,1,No,No,0
C00337,71,Month-to-month,33.27,249.43,8,No,No,0
C00338,73,Month-to-month,107.56,2860.32,29,No,Yes,0
C00339,50,Month-to-month,70.06,3804.17,55,Fiber optic,No,0
C00340,41,One year,105.8,327.45,3,No,No,1
C00341,69,One year,46.67,1474.84,32,Fiber optic,No,0
C00342,28,Month-to-month,110.45,1055.18,10,DSL,No,1
C00343,66,Month-to-month,84.38,2902.3,34,Fiber optic,No,0
C00344,25,Month-to-month,78.83,4202.98,55,Fiber optic,No,0
C00345,53,One year,70.85,2463.48,32,DSL,No,0
C00346,55,One year,58.79,3187.97,50,Fiber optic,Yes,0
C00347,57,Month-to-month,95.01,665.39,7,Fiber optic,No,0
C00348,37,Month-to-month,68.51,529.21,8,DSL,No,0
C00349,52,Month-to-month,20.0,1361.65,65,Fiber optic,Yes,1
C00350,65,Two year,37.07,1917.21,57,Fiber optic,No,0
C00351,42,Month-to-month,60.35,4023.05,67,Fiber optic,No,1
C00352,52,One year,72.75,4151.74,59,DSL,Yes,0
C00353,42,One year,63.59,3722.67,54,DSL,Yes,0
C00354,46,Month-to-month,95.47,5772.2,67,DSL,Yes,0
C00355,35,Month-to-month,20.0,1030.77,51,No,No,0
C00356,63,Month-to-month,68.59,575.13,8,DSL,Yes,0
C00357,35,One year,20.0,677.96,34,Fiber optic,Yes,0
C00358,19,One year,83.99,2695.9,35,DSL,No,0
C00359,71,One year,62.64,2193.89,32,DSL,Yes,0
C00360,52,One year,75.49,3485.05,46,No,Yes,0
C00361,33,Month-to-month,43.4,710.26,16,Fiber optic,Yes,0
C00362,58,Two year,96.99,6247.89,68,DSL,No,0
C00363,53,One year,91.04,3357.36,37,Fiber optic,No,0
C00364,50,Month-to-month,79.59,4236.96,54,DSL,Yes,0
C00365,21,Two year,61.76,791.13,14,Fiber optic,No,0
C00366,50,One year,79.5,4028.09,55,Fiber optic,No,0
C00367,31,One year,47.33,2425.18,48,DSL,Yes,0
C00368,38,One year,86.39,573.26,7,DSL,Yes,0
C00369,65,Two year,106.24,698.31,7,DSL,Yes,0
C00370,37,One year,91.77,3031.38,33,No,No,1
C00371,73,Month-to-month,46.76,,23,No,No,0
C00372,25,Month-to-month,74.04,1283.51,19,DSL,Yes,0
C00373,24,Two year,32.67,630.27,19,Fiber optic,No,0
C00374,20,Month-to-month,79.31,2637.72,36,DSL,Yes,1
C00375,34,Month-to-month,76.27,2006.78,29,DSL,No,1
C00376,50,Month-to-month,20.0,1092.66,60,Fiber optic,No,0
C00377,65,Month-to-month,35.96,76.73,2,No,Yes,0
C00378,29,One year,57.92,53.49,1,No,No,0
C00379,68,Two year,57.48,2455.8,47,Fiber optic,Yes,0
C00380,39,Month-to-month,34.76,2368.65,69,DSL,No,0
C00381,72,Month-to-month,74.72,1597.21,20,Fiber optic,Yes,0
C00382,39,Month-to-month,71.29,746.93,11,DSL,No,1
C00383,63,Two year,60.14,118.4,2,Fiber optic,Yes,0
C00384,47,One year,46.11,2805.1,67,DSL,No,0
C00385,55,Month-to-month,91.22,1083.49,12,Fiber optic,Yes,1
C00386,55,Two year,106.39,2160.83,20,DSL,No,0
C00387,62,Two year,52.91,268.3,5,DSL,Yes,0
C00388,68,Two year,49.7,1777.27,37,No,No,0
C00389,71,Two year,77.28,2828.3,38,DSL,Yes,0
C00390,25,Month-to-month,56.05,464.76,9,Fiber optic,Yes,1
C00391,44,One year,61.52,3173.7,53,DSL,No,0
C00392,44,Month-to-month,83.49,3379.3,44,DSL,Yes,0
C00393,51,Two year,20.0,505.59,24,DSL,Yes,0
C00394,38,One year,97.96,3212.86,30,DSL,No,0
C00395,47,One year,66.82,4313.02,59,No,No,0
C00396,50,One year,54.71,821.86,14,DSL,Yes,0
C00397,45,Month-to-month,62.77,576.32,9,No,No,0
C00398,64,One year,64.06,2665.34,40,Fiber optic,No,0
C00399,50,Two year,21.72,1371.94,66,Fiber optic,Yes,0
C00400,22,Two year,102.37,2626.18,25,Fiber optic,No,0
C00401,65,Month-to-month,66.03,1439.77,22,Fiber optic,No,0
C00402,36,Month-to-month,76.08,303.23,4,Fiber optic,No,1
C00403,21,Month-to-month,88.79,2427.56,26,DSL,Yes,0
C00404,52,One year,39.47,2189.41,58,DSL,No,0
C00405,66,Two year,76.84,2147.27,29,No,Yes,0
C00406,34,Month-to-month,58.31,2340.7,37,No,Yes,0
C00407,61,One year,86.17,5496.54,70,No,Yes,0
C00408,45,Two year,20.0,358.97,18,Fiber optic,No,0
C00409,47,One year,62.52,2842.63,42,Fiber optic,No,0
C00410,46,One year,49.93,2092.32,41,Fiber optic,No,0
C00411,63,One year,75.81,2907.52,38,Fiber optic,No,0
C00412,70,One year,76.75,2478.89,34,DSL,Yes,0
C00413,23,Month-to-month,47.31,779.06,17,Fiber optic,Yes,0
C00414,52,One year,47.2,1869.36,37,DSL,Yes,0
C00415,58,One year,62.23,1574.18,25,DSL,Yes,0
C00416,54,Two year,42.58,1153.05,27,No,No,0
C00417,41,One year,86.05,4512.05,57,DSL,No,0
C00418,46,One year,55.77,1561.53,31,DSL,Yes,0
C00419,66,Month-to-month,20.0,131.13,6,DSL,Yes,0
C00420,63,Month-to-month,55.63,2170.45,40,No,Yes,0
C00421,70,Month-to-month,39.04,478.15,12,Fiber optic,No,0
C00422,48,Month-to-month,24.22,1175.76,53,Fiber optic,No,0
C00423,52,One year,34.06,2506.82,71,No,No,0
C00424,50,Two year,67.74,736.0,10,No,No,0
C00425,69,Month-to-month,98.22,4486.79,45,DSL,No,0
C00426,38,Month-to-month,72.83,1145.53,17,Fiber optic,Yes,1
C00427,49,Two year,49.84,1317.02,26,Fiber optic,Yes,0
C00428,40,Month-to-month,76.4,4989.13,62,Fiber optic,No,0
C00429,50,One year,53.52,2415.84,46,DSL,No,0
C00430,20,One year,47.63,3279.89,64,No,Yes,0
C00431,35,One year,36.14,74.43,2,Fiber optic,No,0
C00432,42,Month-to-month,21.2,1236.21,54,DSL,No,0
C00433,59,Month-to-month,55.25,3679.96,65,Fiber optic,No,0
C00434,48,One year,68.95,3257.14,51,DSL,No,0
C00435,71,One year,62.58,3190.5,53,DSL,No,0
C00436,20,Month-to-month,54.6,1848.37,36,Fiber optic,No,1
C00437,57,One year,41.36,1163.29,26,DSL,Yes,0
C00438,63,Month-to-month,80.21,2447.23,29,Fiber optic,Yes,0
C00439,41,One year,32.07,697.23,21,Fiber optic,Yes,0
C00440,67,Month-to-month,84.4,891.44,11,DSL,Yes,0
C00441,49,Two year,39.94,1496.65,40,No,No,0
C00442,64,Month-to-month,46.19,534.15,11,DSL,No,0
C00443,39,Month-to-month,28.33,1014.61,36,DSL,Yes,0
C00444,40,Month-to-month,52.46,2925.4,59,DSL,No,0
C00445,19,Month-to-month,89.38,3567.12,39,DSL,Yes,0
C00446,44,Two year,77.89,3819.38,54,DSL,Yes,0
C00447,59,Two year,89.46,4749.24,55,Fiber optic,Yes,0
C00448,19,Month-to-month,78.05,1861.42,24,No,Yes,0
C00449,43,Month-to-month,37.41,765.07,22,DSL,Yes,0
C00450,34,One year,56.73,4293.79,69,Fiber optic,No,0
C00451,57,Two year,45.5,2399.76,56,Fiber optic,No,0
C00452,50,One year,98.26,3002.86,33,No,No,0
C00453,26,Month-to-month,35.08,1188.0,36,Fiber optic,Yes,0
C00454,60,Month-to-month,87.34,1840.8,20,DSL,Yes,0
C00455,71,One year,87.32,5333.18,62,DSL,Yes,0
C00456,65,Month-to-month,110.74,2916.91,26,Fiber optic,No,0
C00457,56,One year,54.76,3267.93,66,No,Yes,0
C00458,46,Month-to-month,82.81,3003.97,40,DSL,No,0
C00459,59,One year,120.0,2017.9,17,DSL,No,0
C00460,72,Month-to-month,49.56,52.7,1,No,No,0
C00461,43,One year,26.62,1748.93,61,No,No,0
C00462,52,Month-to-month,20.0,788.91,43,No,Yes,0
C00463,67,One year,82.82,3505.13,42,Fiber optic,Yes,0
C00464,42,Month-to-month,20.0,541.32,25,DSL,Yes,0
C00465,41,One year,55.69,2123.25,39,Fiber optic,No,0
C00466,30,One year,75.93,2832.72,35,Fiber optic,Yes,0
C00467,24,One year,69.63,193.59,3,DSL,Yes,0
C00468,74,One year,75.64,3617.97,44,Fiber optic,No,0
C00469,53,One year,70.56,3779.51,51,Fiber optic,Yes,0
C00470,62,Two year,96.97,1266.35,12,DSL,No,0
C00471,37,Month-to-month,41.19,810.25,19,Fiber optic,No,0
C00472,18,Two year,48.08,2057.73,44,Fiber optic,Yes,0
C00473,25,Month-to-month,45.68,2931.31,59,No,Yes,0
C00474,63,Month-to-month,85.75,4013.15,49,DSL,Yes,0
C00475,33,Month-to-month,87.51,5158.93,61,DSL,No,0
C00476,31,Month-to-month,76.28,1348.84,17,Fiber optic,No,0
C00477,29,One year,94.59,5677.73,57,DSL,No,0
C00478,68,One year,35.55,2123.17,55,Fiber optic,No,0
C00479,40,One year,106.68,4717.94,47,Fiber optic,No,0
C00480,32,One year,103.08,1310.68,12,DSL,Yes,0
C00481,45,Month-to-month,83.39,5416.85,62,Fiber optic,Yes,1
C00482,51,Month-to-month,109.54,799.87,8,Fiber optic,No,0
C00483,19,Month-to-month,23.58,484.01,21,DSL,Yes,0
C00484,49,Month-to-month,51.89,3474.49,70,No,Yes,0
C00485,40,Month-to-month,46.62,1119.93,25,No,No,0
C00486,39,Month-to-month,83.04,1092.73,12,Fiber optic,No,1
C00487,68,One year,38.75,597.85,15,Fiber optic,No,0
C00488,42,One year,83.94,5168.07,59,Fiber optic,No,0
C00489,39,Two year,99.26,2826.77,26,No,Yes,0
C00490,39,Two year,82.38,2089.28,26,Fiber optic,No,0
C00491,66,One year,72.09,3592.77,47,Fiber optic,Yes,0
C00492,69,Month-to-month,40.3,1272.71,32,No,Yes,0
C00493,59,One year,43.83,470.69,10,DSL,No,0
C00494,23,One year,96.24,1441.49,16,No,Yes,0
C00495,32,Month-to-month,84.48,6535.13,71,DSL,No,0
C00496,71,Month-to-month,64.02,1027.13,17,DSL,Yes,0
C00497,60,Two year,54.55,1211.04,23,DSL,No,0
C00498,54,Month-to-month,20.0,546.64,26,No,Yes,0
C00499,50,One year,38.23,261.92,7,No,No,0
C00500,25,One year,112.79,1613.23,14,Fiber optic,No,0
C00501,70,Month-to-month,32.99,228.37,7,Fiber optic,Yes,0
C00502,61,Month-to-month,69.74,658.09,9,Fiber optic,Yes,0
C00503,61,Month-to-month,90.19,4093.9,48,No,Yes,0
C00504,22,Month-to-month,33.63,1808.95,59,Fiber optic,Yes,0
C00505,56,Month-to-month,69.62,2606.53,39,DSL,No,0
C00506,21,Two year,88.45,1583.92,18,DSL,No,0
C00507,23,Month-to-month,65.31,3597.45,59,Fiber optic,Yes,1
C00508,62,One year,120.0,1980.76,17,Fiber optic,Yes,0
C00509,49,Month-to-month,23.29,319.54,14,DSL,Yes,0
C00510,69,Two year,91.47,2584.56,31,DSL,No,0
C00511,47,Month-to-month,60.68,1480.58,24,No,Yes,0
C00512,64,Month-to-month,84.3,5446.8,60,DSL,No,1
C00513,52,Two year,76.03,3183.05,45,Fiber optic,No,0
C00514,72,Two year,46.67,142.75,3,No,Yes,0
C00515,57,Month-to-month,70.72,2702.85,37,Fiber optic,No,1
C00516,69,Two year,20.0,846.13,43,DSL,No,0
C00517,33,Month-to-month,80.08,3332.03,40,Fiber optic,No,1
C00518,30,Month-to-month,72.45,3913.61,55,No,Yes,0
C00519,67,Month-to-month,80.97,3160.76,39,Fiber optic,Yes,0
C00520,59,Month-to-month,91.45,1236.59,15,No,No,0
C00521,47,One year,74.19,308.14,4,DSL,No,0
C00522,36,Month-to-month,68.7,1772.92,25,Fiber optic,No,0
C00523,34,Month-to-month,42.97,507.04,13,Fiber optic,No,0
C00524,73,One year,47.19,1516.24,33,No,No,0
C00525,36,One year,94.67,1659.84,16,DSL,No,0
C00526,45,Month-to-month,100.91,4171.03,42,No,Yes,0
C00527,72,One year,59.05,3898.82,66,Fiber optic,No,0
C00528,43,Month-to-month,66.15,3936.54,55,DSL,No,0
C00529,54,One year,42.38,1857.3,42,DSL,No,0
C00530,43,One year,94.32,3259.52,34,No,No,0
C00531,70,Two year,81.64,2595.08,30,DSL,Yes,0
C00532,40,Month-to-month,113.53,1583.44,13,DSL,No,0
C00533,26,Month-to-month,43.04,554.7,13,DSL,No,0
C00534,29,Month-to-month,55.55,994.92,18,No,Yes,0
C00535,70,Month-to-month,70.79,2213.65,32,Fiber optic,No,0
C00536,18,Month-to-month,81.16,3460.69,39,Fiber optic,Yes,0
C00537,18,Two year,59.61,2850.19,46,DSL,Yes,0
C00538,64,Month-to-month,43.18,1147.84,29,Fiber optic,Yes,0
C00539,51,Month-to-month,87.04,5788.22,62,Fiber optic,No,0
C00540,49,One year,83.03,5127.85,62,No,No,0
C00541,71,Month-to-month,42.09,2192.21,57,No,No,1
C00542,65,One year,98.89,,16,DSL,No,0
C00543,42,Month-to-month,94.25,5190.56,56,Fiber optic,No,0
C00544,57,Month-to-month,68.36,735.25,10,DSL,Yes,0
C00545,62,Month-to-month,66.99,1890.72,30,Fiber optic,Yes,0
C00546,70,Month-to-month,78.85,2099.96,25,DSL,No,0
C00547,18,Two year,43.46,219.81,5,DSL,Yes,0
C00548,33,Month-to-month,65.75,3893.05,65,DSL,No,1
C00549,56,One year,20.0,1072.48,49,Fiber optic,No,0
C00550,22,Month-to-month,86.91,261.39,3,DSL,No,1
C00551,39,Month-to-month,25.96,1119.34,45,Fiber optic,No,0
C00552,46,Two year,102.59,1427.47,14,Fiber optic,Yes,0
C00553,72,Month-to-month,56.75,1824.35,30,DSL,Yes,0
C00554,20,One year,59.71,3901.85,68,Fiber optic,No,0
C00555,29,Two year,49.31,833.03,18,DSL,Yes,0
C00556,43,One year,57.8,3317.75,62,Fiber optic,No,0
C00557,33,Two year,100.46,3566.75,37,Fiber optic,Yes,0
C00558,68,Month-to-month,20.0,528.0,25,DSL,No,1
C00559,54,Month-to-month,96.92,4625.76,48,DSL,No,0
C00560,39,Month-to-month,73.45,4514.04,65,DSL,No,0
C00561,74,One year,34.82,1722.25,53,No,Yes,0
C00562,46,Two year,38.12,552.67,15,Fiber optic,Yes,0
C00563,31,Month-to-month,106.91,5699.51,49,Fiber optic,No,0
C00564,45,One year,41.36,2724.18,68,Fiber optic,Yes,0
C00565,22,Month-to-month,36.17,476.41,12,DSL,No,0
C00566,64,One year,93.43,5496.09,59,Fiber optic,No,0
C00567,66,Month-to-month,73.46,2543.61,37,Fiber optic,No,1
C00568,47,Two year,41.55,2732.82,61,DSL,No,0
C00569,63,One year,70.42,3004.05,43,DSL,Yes,0
C00570,69,Month-to-month,39.36,2870.74,70,DSL,No,0
C00571,22,Month-to-month,92.52,3957.35,39,Fiber optic,No,0
C00572,29,Month-to-month,91.53,4664.55,56,No,No,0
C00573,33,Month-to-month,78.3,4535.01,63,DSL,No,0
C00574,43,Month-to-month,74.04,3556.01,46,Fiber optic,No,0
C00575,43,Two year,109.03,1147.0,11,DSL,Yes,0
C00576,65,One year,64.99,3774.97,62,No,Yes,0
C00577,38,One year,35.45,804.6,25,DSL,No,0
C00578,56,Month-to-month,76.24,4895.39,71,Fiber optic,Yes,0
C00579,53,Two year,117.15,6426.22,52,Fiber optic,No,0
C00580,50,One year,39.63,146.93,4,Fiber optic,No,0
C00581,47,Month-to-month,55.96,3280.33,59,Fiber optic,Yes,0
C00582,54,One year,75.41,1540.14,20,DSL,Yes,0
C00583,40,One year,63.65,3952.49,63,DSL,No,0
C00584,27,Month-to-month,40.44,1977.22,54,DSL,Yes,0
C00585,71,Month-to-month,93.05,5604.58,57,DSL,No,1
C00586,22,Month-to-month,120.0,4438.35,41,Fiber optic,No,0
C00587,53,Month-to-month,69.9,220.68,3,DSL,No,0
C00588,51,Two year,42.4,274.41,6,DSL,No,0
C00589,69,Two year,26.28,129.64,5,Fiber optic,Yes,1
C00590,48,One year,71.45,359.79,5,No,No,0
C00591,27,Month-to-month,92.6,4977.38,54,Fiber optic,Yes,0
C00592,36,Month-to-month,76.88,3533.29,47,DSL,Yes,0
C00593,49,One year,64.94,3428.62,49,DSL,No,0
C00594,18,One year,50.27,488.08,9,No,No,1
C00595,73,Month-to-month,37.7,729.24,20,DSL,Yes,0
C00596,22,One year,85.87,5358.62,61,DSL,No,0
C00597,62,Two year,87.84,3336.9,35,Fiber optic,No,0
C00598,21,Month-to-month,26.36,1439.8,50,Fiber optic,Yes,0
C00599,33,Month-to-month,104.75,6506.14,62,Fiber optic,Yes,1
C00600,41,One year,79.35,1336.22,17,DSL,No,0
C00601,33,Month-to-month,99.99,,3,DSL,No,1
C00602,72,Month-to-month,31.45,1098.76,32,No,No,0
C00603,19,Month-to-month,30.85,372.4,13,DSL,No,0
C00604,66,Month-to-month,61.28,4233.57,68,Fiber optic,Yes,0
C00605,45,One year,77.57,1038.75,14,Fiber optic,No,0
C00606,49,One year,109.91,1155.57,11,Fiber optic,No,0
C00607,44,Month-to-month,82.65,4540.43,56,DSL,No,0
C00608,37,Two year,58.93,4342.19,67,DSL,Yes,0
C00609,41,Two year,39.34,1039.32,29,Fiber optic,Yes,0
C00610,29,Two year,95.75,875.29,9,No,Yes,0
C00611,67,Month-to-month,40.88,,67,No,No,0
C00612,52,Month-to-month,105.71,2460.15,25,DSL,No,0
C00613,50,Two year,57.89,2401.99,42,DSL,No,0
C00614,50,One year,104.76,944.81,9,No,Yes,0
C00615,68,Month-to-month,81.97,3120.63,40,Fiber optic,Yes,0
C00616,60,Month-to-month,61.58,1482.99,25,No,No,0
C00617,54,Month-to-month,52.02,238.61,5,DSL,No,0
C00618,29,Two year,56.48,596.83,11,Fiber optic,No,0
C00619,20,One year,75.71,4883.7,59,Fiber optic,Yes,0
C00620,18,Month-to-month,66.93,2769.55,38,Fiber optic,No,0
C00621,50,Month-to-month,50.15,242.47,5,Fiber optic,Yes,1
C00622,57,One year,60.86,2962.68,48,DSL,Yes,0
C00623,27,Two year,66.96,1304.02,18,Fiber optic,No,0
C00624,60,Month-to-month,20.0,1261.73,70,DSL,Yes,0
C00625,61,One year,76.45,3004.41,37,Fiber optic,Yes,0
C00626,46,Two year,40.51,2648.56,60,No,No,0
C00627,30,Month-to-month,36.17,1594.26,48,DSL,No,0
C00628,29,One year,22.82,595.7,28,No,No,0
C00629,48,Month-to-month,20.15,1518.47,69,DSL,No,0
C00630,63,One year,31.11,1253.74,40,Fiber optic,Yes,0
C00631,19,One year,47.27,1920.47,45,No,Yes,0
C00632,68,One year,113.83,6715.36,62,DSL,No,0
C00633,67,One year,51.85,2977.19,58,DSL,No,0
C00634,52,Month-to-month,69.44,4831.98,67,Fiber optic,No,0
C00635,40,Two year,75.01,4396.44,56,DSL,Yes,0
C00636,34,One year,68.28,3001.82,40,Fiber optic,No,0
C00637,43,Month-to-month,63.06,2415.2,40,No,Yes,0
C00638,25,One year,35.12,1167.82,33,Fiber optic,No,0
C00639,46,One year,101.27,611.67,6,DSL,No,0
C00640,43,Month-to-month,110.18,2053.92,19,Fiber optic,No,0
C00641,27,Two year,22.93,856.51,40,Fiber optic,No,0
C00642,43,Two year,39.4,2546.58,59,DSL,No,0
C00643,51,Month-to-month,58.0,3663.81,59,Fiber optic,No,0
C00644,68,Two year,40.89,1962.07,48,Fiber optic,No,0
C00645,58,Month-to-month,77.65,3249.39,41,Fiber optic,Yes,0
C00646,24,Month-to-month,46.79,575.09,13,DSL,No,0
C00647,21,Month-to-month,119.13,5407.8,45,Fiber optic,Yes,0
C00648,70,Two year,94.76,5218.12,53,DSL,No,0
C00649,67,One year,70.31,2961.98,42,DSL,No,0
C00650,62,Month-to-month,90.67,6272.33,63,No,No,0
C00651,28,Month-to-month,92.65,2557.26,27,Fiber optic,Yes,0
C00652,46,One year,50.9,1884.29,38,DSL,Yes,0
C00653,73,Month-to-month,44.59,2821.02,60,DSL,No,0
C00654,53,Two year,66.95,437.76,7,DSL,No,0
C00655,42,Two year,86.54,422.71,5,DSL,No,0
C00656,38,One year,68.48,2987.28,45,DSL,Yes,0
C00657,74,Two year,25.58,1463.41,58,DSL,No,0
C00658,53,Month-to-month,44.93,1471.32,31,Fiber optic,No,0
C00659,27,Two year,63.15,1447.85,23,Fiber optic,Yes,0
C00660,54,One year,63.11,2806.48,42,Fiber optic,Yes,0
C00661,26,One year,114.31,1160.59,10,Fiber optic,No,0
C00662,41,Month-to-month,30.35,,32,DSL,No,0
C00663,52,Two year,77.64,4370.03,53,No,No,0
C00664,66,Month-to-month,102.23,2906.37,30,No,No,1
C00665,52,Month-to-month,120.0,4422.02,39,No,No,0
C00666,65,Month-to-month,54.89,,31,No,No,0
C00667,53,One year,77.29,147.19,2,No,Yes,0
C00668,35,One year,79.24,,12,Fiber optic,Yes,0
C00669,66,One year,69.89,2806.55,39,DSL,No,0
C00670,56,Two year,62.53,4136.14,66,Fiber optic,No,0
C00671,49,Month-to-month,75.9,975.95,13,Fiber optic,No,1
C00672,41,One year,20.0,1005.92,46,Fiber optic,No,0
C00673,40,Month-to-month,82.05,2246.9,27,Fiber optic,Yes,0
C00674,49,Two year,68.15,1242.76,17,DSL,No,0
C00675,54,Two year,59.44,3309.23,60,DSL,Yes,0
C00676,29,One year,116.17,7537.79,64,No,No,0
C00677,66,One year,48.13,1808.53,35,Fiber optic,No,0
C00678,72,Month-to-month,54.92,3908.3,70,Fiber optic,No,0
C00679,30,Month-to-month,114.79,3593.86,30,DSL,No,0
C00680,40,Two year,44.2,3057.89,71,DSL,Yes,0
C00681,42,Month-to-month,51.25,2965.57,63,No,No,0
C00682,52,Month-to-month,61.32,1702.5,28,Fiber optic,Yes,0
C00683,58,Month-to-month,86.02,5052.28,60,Fiber optic,No,0
C00684,47,Two year,70.2,2788.08,37,Fiber optic,No,0
C00685,34,Month-to-month,32.68,682.15,22,Fiber optic,No,1
C00686,66,Month-to-month,51.7,3843.77,68,DSL,No,0
C00687,37,One year,49.82,1087.7,20,Fiber optic,Yes,0
C00688,65,Two year,63.07,4072.29,68,Fiber optic,No,0
C00689,42,Month-to-month,75.65,4694.47,64,Fiber optic,Yes,0
C00690,39,Month-to-month,75.46,1384.31,17,Fiber optic,No,1
C00691,30,Month-to-month,20.6,270.27,12,No,Yes,0
C00692,36,Month-to-month,91.6,1992.4,22,DSL,Yes,0
C00693,66,Month-to-month,71.31,1168.87,17,No,No,0
C00694,53,One year,99.61,1001.3,10,DSL,No,0
C00695,29,One year,76.1,5132.26,65,Fiber optic,Yes,0
C00696,58,One year,92.53,1943.43,22,DSL,Yes,0
C00697,36,Month-to-month,76.66,4014.28,50,DSL,No,0
C00698,29,Two year,98.66,1257.39,14,Fiber optic,Yes,0
C00699,26,Month-to-month,78.06,4545.51,64,DSL,Yes,0
C00700,24,Two year,62.55,2872.99,47,Fiber optic,No,0
C00701,45,One year,120.0,3378.02,29,No,Yes,0
C00702,31,Month-to-month,87.23,3024.49,36,DSL,No,1
C00703,48,One year,79.34,4118.27,52,Fiber optic,No,0
C00704,69,Month-to-month,33.09,223.33,7,Fiber optic,No,0
C00705,36,One year,32.79,892.38,29,Fiber optic,No,0
C00706,64,Month-to-month,72.32,765.21,11,DSL,No,0
C00707,33,Month-to-month,68.64,2480.26,33,DSL,Yes,0
C00708,70,Two year,49.65,292.6,6,DSL,Yes,0
C00709,22,Month-to-month,68.52,2168.4,32,DSL,No,0
C00710,52,Two year,104.72,5422.48,51,DSL,Yes,0
C00711,29,Month-to-month,82.39,5240.56,58,Fiber optic,No,1
C00712,42,One year,36.47,899.22,26,No,No,0
C00713,69,One year,62.21,2965.41,46,No,Yes,0
C00714,38,One year,44.88,1357.74,29,Fiber optic,No,0
C00715,53,Month-to-month,55.31,225.99,4,DSL,No,0
C00716,70,Month-to-month,54.66,652.11,13,DSL,No,0
C00717,40,Month-to-month,53.06,2142.54,39,DSL,No,0
C00718,33,Month-to-month,33.62,460.33,15,DSL,No,0
C00719,74,One year,61.81,1826.96,29,Fiber optic,No,1
C00720,56,Two year,50.98,1549.26,29,Fiber optic,No,0
C00721,62,Two year,20.0,603.0,32,DSL,No,0
C00722,70,One year,116.32,248.53,2,DSL,Yes,0
C00723,59,One year,92.22,3927.22,47,No,Yes,0
C00724,56,One year,55.59,1307.08,22,Fiber optic,No,0
C00725,31,Month-to-month,65.47,1753.66,27,DSL,Yes,0
C00726,48,Two year,35.71,2257.43,67,No,Yes,0
C00727,22,One year,107.39,5573.36,56,No,No,0
C00728,52,One year,112.43,2575.08,21,DSL,Yes,0
C00729,40,Month-to-month,68.92,,47,DSL,No,0
C00730,46,Month-to-month,90.59,5023.15,59,Fiber optic,No,0
C00731,60,Month-to-month,69.38,403.61,6,No,No,0
C00732,28,Two year,31.58,614.45,19,No,No,0
C00733,35,One year,54.7,3145.84,57,DSL,Yes,0
C00734,64,Month-to-month,68.3,4359.85,69,DSL,No,0
C00735,29,Two year,53.64,154.15,3,Fiber optic,No,0
C00736,26,Month-to-month,59.53,56.42,1,Fiber optic,No,0
C00737,27,Month-to-month,62.72,3429.35,58,DSL,No,0
C00738,61,Month-to-month,62.98,2350.71,38,No,Yes,0
C00739,34,One year,66.31,1035.24,15,Fiber optic,No,0
C00740,55,Two year,38.48,1234.39,34,No,Yes,0
C00741,24,Month-to-month,47.07,2794.71,61,No,No,0
C00742,63,Two year,32.89,1126.04,35,Fiber optic,No,0
C00743,30,Month-to-month,89.45,6270.32,64,Fiber optic,Yes,0
C00744,57,Two year,20.0,545.47,25,Fiber optic,Yes,0
C00745,59,One year,93.84,2387.35,24,DSL,Yes,0
C00746,26,Two year,99.66,1134.13,12,Fiber optic,No,0
C00747,67,Month-to-month,57.45,944.76,18,DSL,No,0
C00748,44,Two year,20.0,289.01,15,Fiber optic,Yes,0
C00749,19,One year,55.97,1440.71,27,DSL,No,0
C00750,22,Month-to-month,63.4,3808.51,60,DSL,Yes,0
C00751,46,Two year,39.74,1929.58,46,DSL,No,0
C00752,54,Month-to-month,52.12,949.54,17,DSL,Yes,0
C00753,55,Two year,103.25,5849.69,53,Fiber optic,No,0
C00754,36,Month-to-month,81.62,634.63,8,Fiber optic,No,1
C00755,25,One year,41.89,1173.38,27,Fiber optic,No,0
C00756,65,One year,25.06,1109.61,46,DSL,No,0
C00757,62,Month-to-month,56.82,2591.51,50,DSL,No,0
C00758,18,Month-to-month,59.66,4406.62,71,DSL,No,0
C00759,39,Month-to-month,77.4,209.44,3,DSL,No,0
C00760,69,Month-to-month,51.62,3243.67,64,No,No,0
C00761,34,Month-to-month,77.79,3305.96,44,DSL,No,0
C00762,24,One year,113.38,6241.55,53,DSL,Yes,0
C00763,42,Month-to-month,85.39,2158.49,24,DSL,No,0
C00764,62,Month-to-month,63.8,3678.01,60,DSL,Yes,0
C00765,21,One year,60.42,192.56,3,Fiber optic,No,0
C00766,53,Month-to-month,56.08,1075.37,20,Fiber optic,No,1
C00767,23,Two year,94.52,4301.25,46,DSL,No,0
C00768,48,Two year,49.32,773.39,15,DSL,Yes,0
C00769,36,One year,66.13,1717.04,25,DSL,Yes,0
C00770,61,One year,66.28,,71,DSL,No,0
C00771,71,Two year,52.46,842.8,17,DSL,No,0
C00772,56,Month-to-month,30.69,285.18,9,No,Yes,0
C00773,44,Month-to-month,73.07,2837.57,38,Fiber optic,No,0
C00774,27,Month-to-month,63.47,,48,Fiber optic,No,0
C00775,43,One year,77.51,4330.98,60,Fiber optic,No,0
C00776,36,Month-to-month,51.66,3418.48,63,Fiber optic,Yes,0
C00777,56,One year,95.52,193.65,2,Fiber optic,No,0
C00778,20,Two year,43.08,452.52,11,Fiber optic,Yes,0
C00779,62,Two year,107.8,6863.92,64,Fiber optic,No,0
C00780,30,One year,21.31,432.63,21,DSL,Yes,0
C00781,67,Month-to-month,75.87,1387.32,18,Fiber optic,Yes,1
C00782,45,Two year,76.89,5303.81,64,Fiber optic,Yes,0
C00783,37,One year,45.11,1737.94,38,No,Yes,0
C00784,45,Month-to-month,75.61,,32,Fiber optic,No,0
C00785,25,Month-to-month,96.99,1070.89,11,Fiber optic,Yes,0
C00786,58,Two year,20.0,819.21,45,DSL,Yes,0
C00787,56,One year,77.57,2423.04,33,Fiber optic,No,0
C00788,18,Two year,20.0,818.69,41,DSL,Yes,0
C00789,20,Two year,40.86,314.47,8,DSL,Yes,0
C00790,30,One year,105.73,1089.01,11,DSL,No,0
C00791,45,One year,50.46,2575.59,51,Fiber optic,No,0
C00792,74,Month-to-month,35.65,1409.85,41,DSL,No,0
C00793,66,Month-to-month,60.05,971.46,17,DSL,No,0
C00794,42,Month-to-month,116.7,5329.53,46,No,No,0
C00795,73,One year,20.0,593.06,32,DSL,Yes,0
C00796,50,One year,38.72,2269.75,54,Fiber optic,No,0
C00797,55,Two year,102.44,2199.47,20,Fiber optic,No,1
C00798,70,Month-to-month,111.44,3830.23,33,DSL,No,1
C00799,23,One year,62.41,2299.79,40,Fiber optic,No,0
C00800,61,One year,34.02,1148.71,32,DSL,Yes,0
C00801,62,One year,117.4,249.26,2,Fiber optic,No,0
C00802,49,One year,104.86,3645.69,33,Fiber optic,No,0
C00803,62,Month-to-month,81.97,2269.24,30,Fiber optic,No,0
C00804,64,One year,44.69,1517.22,33,Fiber optic,Yes,1
C00805,38,Month-to-month,63.77,1768.88,26,DSL,Yes,0
C00806,33,Month-to-month,60.99,1362.54,22,DSL,Yes,0
C00807,71,Month-to-month,73.27,4977.42,66,Fiber optic,No,0
C00808,38,One year,101.28,3816.59,38,Fiber optic,Yes,0
C00809,28,Two year,86.99,4024.51,46,No,Yes,0
C00810,54,One year,38.07,517.87,15,No,No,0
C00811,53,One year,99.41,4495.61,44,No,Yes,0
C00812,52,One year,72.83,3269.93,49,Fiber optic,No,0
C00813,36,One year,82.18,4947.83,61,DSL,Yes,0
C00814,37,Month-to-month,101.66,6528.77,67,Fiber optic,No,0
C00815,74,Month-to-month,37.21,225.29,6,Fiber optic,No,1
C00816,35,Month-to-month,64.1,534.6,9,DSL,No,1
C00817,64,Month-to-month,51.71,322.15,6,No,No,1
C00818,58,Month-to-month,25.8,874.31,32,No,Yes,0
C00819,66,Month-to-month,73.67,2817.1,41,Fiber optic,Yes,0
C00820,31,Month-to-month,120.0,884.03,8,DSL,Yes,0
C00821,32,Two year,20.0,929.1,50,DSL,No,0
C00822,48,Month-to-month,64.19,4279.96,62,No,No,0
C00823,18,Month-to-month,81.01,5050.94,62,No,No,0
C00824,70,Month-to-month,68.08,473.44,7,DSL,No,0
C00825,71,One year,62.17,229.12,4,DSL,Yes,0
C00826,71,Month-to-month,32.52,200.96,6,No,No,1
C00827,20,Month-to-month,70.82,4409.88,58,DSL,No,0
C00828,33,One year,46.08,1080.3,22,Fiber optic,Yes,0
C00829,40,Month-to-month,20.0,533.11,26,No,No,0
C00830,74,Month-to-month,94.86,260.41,3,DSL,Yes,1
C00831,28,Month-to-month,88.96,3364.61,41,Fiber optic,No,0
C00832,29,Month-to-month,66.29,3618.88,60,DSL,No,0
C00833,27,Month-to-month,70.73,942.19,14,DSL,Yes,0
C00834,49,Month-to-month,91.86,1022.0,12,No,No,0
C00835,33,Two year,70.61,806.66,12,Fiber optic,Yes,0
C00836,25,One year,87.6,1112.62,13,No,No,0
C00837,55,One year,57.56,1566.49,25,Fiber optic,No,0
C00838,29,Month-to-month,97.8,4498.15,45,DSL,Yes,0
C00839,41,Two year,73.02,1480.33,19,DSL,No,0
C00840,45,Month-to-month,69.85,4003.37,55,DSL,No,0
C00841,70,Month-to-month,33.25,1380.29,45,DSL,Yes,0
C00842,25,One year,72.17,604.6,8,DSL,Yes,0
C00843,45,Month-to-month,44.2,2237.23,53,DSL,No,0
C00844,53,Month-to-month,49.04,2772.24,55,Fiber optic,No,0
C00845,43,One year,44.62,1382.42,32,Fiber optic,Yes,0
C00846,25,Two year,38.34,2149.96,51,Fiber optic,Yes,0
C00847,67,Month-to-month,118.12,4951.5,44,Fiber optic,Yes,1
C00848,45,One year,98.28,6575.7,70,DSL,No,0
C00849,45,Two year,113.01,2209.39,18,DSL,Yes,0
C00850,54,Month-to-month,34.43,685.45,22,Fiber optic,Yes,0
C00851,58,Month-to-month,66.78,2568.06,37,Fiber optic,No,0
C00852,53,Month-to-month,32.66,1911.38,56,DSL,No,1
C00853,44,Month-to-month,47.61,2997.97,59,No,Yes,0
C00854,71,Month-to-month,42.05,138.12,3,Fiber optic,No,1
C00855,34,Two year,95.99,2943.38,28,Fiber optic,No,0
C00856,26,One year,55.09,1760.51,35,DSL,Yes,0
C00857,50,One year,91.71,5954.4,61,Fiber optic,Yes,0
C00858,70,Month-to-month,80.1,4451.97,54,Fiber optic,No,0
C00859,37,Two year,120.0,7782.78,63,Fiber optic,Yes,1
C00860,30,Two year,28.01,181.5,7,Fiber optic,No,0
C00861,45,Two year,96.48,4869.52,49,No,No,0
C00862,65,Month-to-month,93.66,3183.63,31,Fiber optic,Yes,0
C00863,46,One year,40.67,2553.14,58,DSL,Yes,0
C00864,30,Month-to-month,90.18,5434.01,61,Fiber optic,No,0
C00865,63,Month-to-month,73.4,1599.51,24,Fiber optic,No,0
C00866,52,Month-to-month,59.31,1153.53,20,Fiber optic,No,0
C00867,23,One year,44.4,1750.04,37,DSL,No,0
C00868,35,One year,47.02,195.66,4,DSL,Yes,0
C00869,68,Month-to-month,116.25,2306.09,20,No,No,0
C00870,22,Month-to-month,65.02,3554.07,60,Fiber optic,No,0
C00871,64,Month-to-month,84.55,1999.53,24,No,No,0
C00872,42,Month-to-month,45.23,2247.49,50,Fiber optic,Yes,0
C00873,19,Month-to-month,45.5,2420.59,49,Fiber optic,Yes,0
C00874,27,Month-to-month,92.05,4827.02,51,Fiber optic,No,1
C00875,73,One year,31.26,1082.97,36,No,No,0
C00876,47,Month-to-month,54.62,3623.17,66,Fiber optic,Yes,0
C00877,67,Month-to-month,65.85,2044.59,34,Fiber optic,Yes,0
C00878,62,Month-to-month,67.78,2670.7,36,DSL,No,0
C00879,22,Two year,60.52,352.96,6,Fiber optic,No,1
C00880,72,One year,74.9,2908.17,39,Fiber optic,Yes,0
C00881,73,One year,82.32,3357.37,42,DSL,Yes,0
C00882,50,Month-to-month,83.37,5011.97,58,DSL,Yes,1
C00883,71,One year,40.35,499.91,12,DSL,No,0
C00884,18,Month-to-month,57.9,181.18,3,DSL,No,0
C00885,35,One year,94.87,1628.47,18,DSL,No,0
C00886,49,Two year,87.37,3365.96,40,Fiber optic,No,0
C00887,64,One year,30.68,595.99,21,No,Yes,0
C00888,66,Two year,73.79,1141.28,15,Fiber optic,No,0
C00889,28,One year,20.0,472.14,26,DSL,No,0
C00890,38,Month-to-month,66.17,539.7,8,DSL,Yes,0
C00891,43,Two year,112.44,5071.66,42,Fiber optic,Yes,0
C00892,42,Month-to-month,41.3,1959.24,44,DSL,No,0
C00893,39,One year,44.14,611.66,14,No,No,0
C00894,44,Month-to-month,84.1,166.83,2,Fiber optic,Yes,1
C00895,66,Month-to-month,26.43,895.17,37,Fiber optic,No,0
C00896,30,Month-to-month,49.18,3509.32,69,DSL,No,0
C00897,50,Month-to-month,79.91,3231.69,38,Fiber optic,Yes,0
C00898,51,Month-to-month,49.14,1911.85,41,DSL,Yes,0
C00899,58,One year,59.1,3606.53,62,No,Yes,0
C00900,52,Month-to-month,83.6,5355.92,60,Fiber optic,No,0
C00901,18,Month-to-month,75.54,1137.33,14,DSL,Yes,0
C00902,38,One year,71.67,135.98,2,DSL,Yes,0
C00903,65,Month-to-month,56.52,3996.42,70,DSL,No,0
C00904,72,One year,74.25,1184.62,17,Fiber optic,No,0
C00905,23,One year,61.91,1595.45,28,DSL,Yes,0
C00906,45,Two year,76.45,5460.58,66,Fiber optic,No,0
C00907,34,One year,52.58,1958.27,35,DSL,No,0
C00908,22,Month-to-month,60.44,317.92,5,Fiber optic,No,0
C00909,48,One year,40.25,2380.14,65,No,No,0
C00910,22,Month-to-month,64.12,2741.12,40,Fiber optic,Yes,0
C00911,55,Month-to-month,44.72,2473.29,56,Fiber optic,No,0
C00912,20,One year,37.15,1295.24,36,DSL,No,0
C00913,70,Month-to-month,71.47,3246.04,45,DSL,No,0
C00914,40,One year,70.32,1485.17,23,Fiber optic,No,0
C00915,54,Two year,84.57,4178.81,47,DSL,No,0
C00916,70,Two year,54.22,1708.53,31,Fiber optic,Yes,0
C00917,54,Two year,75.2,775.35,11,DSL,No,0
C00918,27,Month-to-month,78.77,738.58,10,DSL,No,0
C00919,27,Month-to-month,76.12,4777.97,67,DSL,No,0
C00920,36,One year,44.36,566.02,14,No,Yes,0
C00921,34,Month-to-month,68.73,699.37,10,DSL,No,0
C00922,38,One year,74.1,79.14,1,Fiber optic,No,0
C00923,31,One year,65.18,294.45,5,DSL,Yes,1
C00924,26,One year,20.0,363.92,20,Fiber optic,No,1
C00925,63,Month-to-month,69.01,560.12,8,DSL,No,0
C00926,18,Month-to-month,120.0,5489.72,43,No,No,0
C00927,68,Month-to-month,56.0,54.06,1,No,No,0
C00928,62,Month-to-month,46.8,2587.37,57,DSL,No,0
C00929,30,Two year,74.33,4848.79,64,No,Yes,0
C00930,21,Month-to-month,72.81,1946.62,28,No,No,0
C00931,18,Month-to-month,94.82,3176.18,37,No,No,0
C00932,66,Month-to-month,33.55,1651.03,47,No,No,0
C00933,57,One year,83.28,,37,DSL,No,0
C00934,49,One year,79.76,3971.36,49,Fiber optic,No,0
C00935,51,Month-to-month,61.45,2834.49,44,DSL,Yes,1
C00936,45,Month-to-month,73.47,4258.51,56,DSL,No,0
C00937,48,Month-to-month,90.74,2391.27,28,No,Yes,1
C00938,25,Month-to-month,86.81,505.49,6,DSL,Yes,0
C00939,56,One year,36.42,2055.49,61,Fiber optic,Yes,0
C00940,43,One year,85.5,1583.41,20,No,No,0
C00941,51,Month-to-month,63.38,131.23,2,No,Yes,0
C00942,71,Month-to-month,66.82,2649.66,37,No,Yes,0
C00943,71,Two year,66.83,1460.3,20,DSL,Yes,0
C00944,20,Month-to-month,61.24,1633.11,26,DSL,Yes,0
C00945,67,One year,94.79,2575.23,29,Fiber optic,No,1
C00946,29,Month-to-month,62.91,57.95,1,DSL,No,0
C00947,18,Month-to-month,37.01,1376.4,35,DSL,Yes,0
C00948,71,Month-to-month,55.16,,70,DSL,No,0
C00949,61,One year,69.47,4195.69,59,Fiber optic,No,0
C00950,22,Two year,95.73,6977.2,69,Fiber optic,No,0
C00951,47,Month-to-month,80.08,2750.08,33,DSL,Yes,0
C00952,47,Month-to-month,43.74,2379.96,51,Fiber optic,No,0
C00953,74,Month-to-month,120.0,1312.19,12,DSL,Yes,0
C00954,34,Month-to-month,71.62,1503.31,20,DSL,Yes,0
C00955,65,Month-to-month,96.88,5494.94,53,Fiber optic,Yes,0
C00956,64,Month-to-month,61.21,2519.45,43,Fiber optic,No,0
C00957,40,One year,78.33,4026.51,50,Fiber optic,Yes,0
C00958,32,Month-to-month,85.99,2401.02,29,DSL,Yes,0
C00959,54,Month-to-month,95.45,,57,No,Yes,0
C00960,38,Two year,91.43,3233.03,39,Fiber optic,No,0
C00961,31,Month-to-month,86.8,4938.37,56,Fiber optic,No,0
C00962,19,Two year,57.12,2292.34,43,Fiber optic,Yes,0
C00963,28,Month-to-month,50.71,,50,No,No,1
C00964,68,Two year,73.32,1577.05,23,Fiber optic,No,1
C00965,56,One year,88.33,3680.83,44,Fiber optic,No,0
C00966,55,Two year,59.43,2255.8,38,No,Yes,0
C00967,51,Two year,91.63,2282.34,23,Fiber optic,No,0
C00968,55,Month-to-month,101.32,4296.52,45,Fiber optic,Yes,0
C00969,67,Two year,42.09,2032.95,52,Fiber optic,No,0
C00970,51,Month-to-month,44.08,2318.16,50,DSL,Yes,0
C00971,35,Month-to-month,61.49,491.98,8,DSL,Yes,0
C00972,47,Month-to-month,72.69,78.68,1,Fiber optic,Yes,0
C00973,32,One year,51.89,385.78,8,No,No,0
C00974,44,Month-to-month,98.81,2949.12,29,No,Yes,0
C00975,68,One year,75.6,357.81,5,DSL,No,1
C00976,51,One year,65.99,2888.62,47,Fiber optic,Yes,0
C00977,69,One year,29.1,1025.7,34,DSL,No,0
C00978,74,Two year,32.1,2125.59,65,No,No,0
C00979,55,Month-to-month,72.03,4163.56,55,No,No,0
C00980,50,Month-to-month,20.0,827.23,43,Fiber optic,No,0
C00981,41,Month-to-month,90.32,2681.4,30,No,No,0
C00982,32,Month-to-month,61.05,1018.23,17,Fiber optic,Yes,0
C00983,47,Month-to-month,120.0,3422.07,26,Fiber optic,No,0
C00984,72,Month-to-month,120.0,920.11,8,DSL,Yes,1
C00985,59,Month-to-month,60.46,2725.01,47,Fiber optic,No,0
C00986,68,Two year,62.34,2784.22,46,Fiber optic,No,0
C00987,34,One year,89.89,6191.49,68,Fiber optic,Yes,0
C00988,22,Month-to-month,107.58,3374.28,33,DSL,Yes,0
C00989,46,One year,24.05,26.05,1,No,No,1
C00990,21,Month-to-month,20.34,368.35,19,DSL,No,1
C00991,27,Month-to-month,49.45,1654.3,31,Fiber optic,No,0
C00992,73,One year,79.57,1025.64,14,Fiber optic,No,0
C00993,34,Month-to-month,77.42,4231.74,53,Fiber optic,No,0
C00994,27,Month-to-month,91.74,4761.95,48,Fiber optic,No,0
C00995,34,Two year,35.01,2255.65,69,DSL,Yes,0
C00996,37,Two year,20.0,1356.15,62,DSL,Yes,0
C00997,41,One year,86.45,,66,Fiber optic,No,0
C00998,22,One year,44.3,3087.94,64,Fiber optic,No,0
C00999,51,One year,20.0,1449.51,70,DSL,No,0
C01000,23,Month-to-month,68.63,4152.11,63,Fiber optic,No,0
