brand,year,mileage,fuel_type,transmission,color,engine_size,doors,price
BMW,2005,181172.0,Diesel,Automatik,Schwarz,2.0,5,500.0
Ford,2007,108064.0,Diesel,Manuell,Braun,1.4,5,4500.0
Opel,2012,81238.0,Benzin,Automatik,Braun,1.0,2,3000.0
Skoda,2005,152392.0,Benzin,Automatik,Schwarz,3.0,5,500.0
Mercedes,2011,215045.0,Benzin,Manuell,Grün,1.4,4,10500.0
Opel,2011,125885.0,Benzin,Manuell,Silber,2.5,5,3300.0
Ford,2012,65729.0,Benzin,Automatik,Weiß,2.0,4,6900.0
Hyundai,2023,90853.0,Benzin,Manuell,Rot,1.4,5,18100.0
Skoda,2021,121992.0,Benzin,Automatik,Grün,2.0,2,11500.0
Audi,2015,225090.0,Hybrid,Manuell,Weiß,1.4,4,6300.0
Hyundai,2019,215951.0,Benzin,Automatik,Blau,4.0,4,7500.0
BMW,2013,29144.0,Hybrid,Automatik,Silber,1.0,4,17600.0
Ford,2021,125143.0,Benzin,Automatik,Braun,3.0,5,10100.0
Skoda,2015,188398.0,Benzin,Manuell,Braun,1.8,4,6400.0
Audi,2010,77148.0,Diesel,Manuell,Braun,1.6,2,13100.0
Mercedes,2013,19307.0,Benzin,Automatik,Rot,1.0,4,18700.0
Mercedes,2022,60598.0,Benzin,Manuell,Rot,4.0,4,24000.0
Kia,2006,150695.0,Hybrid,Automatik,Rot,4.0,5,700.0
BMW,2008,151321.0,Diesel,Manuell,Schwarz,1.8,4,10200.0
Toyota,2022,204837.0,Benzin,Automatik,Rot,4.0,4,9800.0
Ford,2005,91810.0,Benzin,Automatik,Rot,4.0,4,2700.0
Audi,2015,102870.0,Hybrid,Automatik,Silber,2.5,5,16000.0
Audi,2007,72131.0,Elektro,Automatik,Weiß,3.0,4,11800.0
Toyota,2012,94138.0,Benzin,Automatik,Grün,1.0,4,8000.0
Toyota,2009,169449.0,Benzin,Manuell,Grün,1.6,5,500.0
Hyundai,2009,183437.0,Elektro,Automatik,Braun,1.6,4,500.0
Skoda,2015,103412.0,Benzin,Manuell,Weiß,4.0,4,10000.0
Hyundai,2016,34551.0,Benzin,Manuell,Grau,1.4,5,17200.0
VW,2013,42926.0,Diesel,Automatik,Grau,1.0,5,11300.0
VW,2017,90214.0,Benzin,Automatik,Blau,1.8,5,14700.0
BMW,2007,87750.0,Diesel,Manuell,Silber,2.5,5,9600.0
Kia,2017,38599.0,Elektro,Manuell,Grau,1.6,4,14400.0
Ford,2015,229417.0,Diesel,Manuell,Grau,4.0,4,5600.0
Audi,2015,109490.0,Benzin,Manuell,Silber,2.0,4,16100.0
Skoda,2011,93330.0,Benzin,Automatik,Weiß,2.0,4,4200.0
Mercedes,2021,22593.0,Benzin,Manuell,Braun,1.4,5,24500.0
Mercedes,2020,191406.0,Benzin,Automatik,Blau,1.8,5,18900.0
Opel,2018,225472.0,Benzin,Automatik,Blau,2.0,4,4900.0
Toyota,2005,109865.0,Benzin,Manuell,Blau,1.6,5,500.0
BMW,2015,246821.0,Benzin,Manuell,Grau,1.4,4,7000.0
Opel,2017,190965.0,Benzin,Manuell,Weiß,1.8,4,7000.0
Opel,2005,173708.0,Benzin,Automatik,Blau,2.5,4,500.0
Kia,2006,200297.0,Diesel,Manuell,Silber,2.0,4,500.0
Ford,2013,171435.0,Diesel,Manuell,Blau,1.2,4,8800.0
Audi,2017,187031.0,Benzin,Manuell,Grün,1.0,5,13900.0
Skoda,2009,211295.0,Diesel,Automatik,Schwarz,1.8,4,500.0
Mercedes,2013,216989.0,Diesel,Manuell,Weiß,1.8,5,7900.0
Mercedes,2017,229701.0,Benzin,Automatik,Schwarz,2.0,4,10200.0
Mercedes,2009,220197.0,Benzin,Manuell,Weiß,1.4,4,6900.0
VW,2019,132192.0,Diesel,Manuell,Rot,1.0,4,11600.0
Ford,2011,147563.0,Benzin,Manuell,Silber,1.6,4,6800.0
BMW,2018,43638.0,Benzin,Automatik,Rot,1.6,5,24200.0
Mercedes,2020,170134.0,Hybrid,Automatik,Grau,1.2,2,18800.0
Kia,2010,5193.0,Benzin,Automatik,Grau,3.0,5,7900.0
Mercedes,2006,220216.0,Diesel,Automatik,Rot,2.0,5,2400.0
BMW,2020,15213.0,Benzin,Manuell,Weiß,1.4,5,26800.0
VW,2023,244987.0,Benzin,Automatik,Blau,1.0,4,9000.0
Kia,2009,79766.0,Benzin,Automatik,Schwarz,1.4,5,8000.0
Opel,2008,215031.0,Diesel,Manuell,Silber,3.0,4,500.0
BMW,2018,148259.0,Benzin,Automatik,Blau,1.6,2,16100.0
Opel,2010,141112.0,Benzin,Manuell,Grau,1.4,4,1000.0
Toyota,2012,197374.0,Hybrid,Automatik,Blau,1.6,5,2500.0
Hyundai,2007,29949.0,Benzin,Automatik,Braun,1.6,2,7000.0
Mercedes,2008,243072.0,Benzin,Manuell,Braun,1.2,4,6300.0
BMW,2005,134599.0,Benzin,Automatik,Rot,1.6,3,4500.0
Hyundai,2006,248066.0,Diesel,Automatik,Braun,4.0,4,500.0
Skoda,2017,207629.0,Benzin,Automatik,Rot,1.6,3,5800.0
Kia,2013,214480.0,Benzin,Automatik,Grün,1.0,5,3500.0
Ford,2016,102433.0,Benzin,Manuell,Grün,1.0,4,7900.0
Toyota,2014,208366.0,Benzin,Manuell,Schwarz,1.0,5,1100.0
Skoda,2014,149829.0,Diesel,Automatik,Braun,1.8,4,7600.0
Skoda,2022,25412.0,Diesel,Manuell,Grau,2.0,5,15800.0
Toyota,2016,249069.0,Benzin,Manuell,Weiß,2.0,4,5900.0
Opel,2020,145384.0,Benzin,Manuell,Braun,2.0,4,9900.0
BMW,2010,153191.0,Benzin,Automatik,Silber,4.0,4,6200.0
Audi,2014,142876.0,Diesel,Manuell,Rot,1.0,4,11100.0
Mercedes,2019,185058.0,Benzin,Automatik,Braun,2.0,5,16700.0
Kia,2013,46545.0,Benzin,Manuell,Silber,3.0,4,9500.0
VW,2006,76519.0,Hybrid,Manuell,Grau,3.0,5,5000.0
BMW,2022,161071.0,Benzin,Automatik,Weiß,1.4,5,20000.0
Mercedes,2016,96093.0,Hybrid,Automatik,Grün,1.8,4,17600.0
BMW,2007,170830.0,Benzin,Automatik,Rot,1.6,4,4200.0
Skoda,2011,,Benzin,Automatik,Schwarz,1.0,4,6000.0
Audi,2013,228558.0,Benzin,Automatik,Silber,4.0,4,9800.0
VW,2012,200591.0,Benzin,Manuell,Braun,1.8,4,6900.0
BMW,2010,3768.0,Benzin,Automatik,Grau,1.2,5,12800.0
Mercedes,2005,1504.0,Benzin,Automatik,Silber,1.2,2,16100.0
VW,2018,67986.0,Hybrid,Automatik,Braun,2.5,3,15500.0
VW,2020,207844.0,Benzin,Automatik,Grün,1.6,3,11500.0
Ford,2020,116721.0,Diesel,Automatik,Grün,1.0,4,11100.0
Kia,2008,8002.0,Diesel,Manuell,Weiß,1.8,5,5000.0
Skoda,2010,75427.0,Diesel,Automatik,Schwarz,1.2,5,7900.0
Ford,2019,38787.0,Diesel,Manuell,Grün,2.5,4,13400.0
Mercedes,2012,13898.0,Benzin,Automatik,Weiß,4.0,5,16100.0
Mercedes,2005,,Benzin,Manuell,Grün,1.0,4,4300.0
Opel,2017,80800.0,Benzin,Automatik,Rot,1.2,3,12300.0
BMW,2022,214299.0,Benzin,Manuell,Blau,2.0,3,16200.0
BMW,2022,109023.0,Benzin,Manuell,Weiß,3.0,5,22700.0
Opel,2017,163704.0,Benzin,Manuell,Weiß,2.5,4,8300.0
Hyundai,2018,126718.0,Hybrid,Manuell,Silber,4.0,4,9700.0
Toyota,2015,33743.0,Hybrid,Manuell,Grün,1.2,4,13200.0
BMW,2011,239624.0,Benzin,Manuell,Weiß,4.0,4,4800.0
Toyota,2022,209610.0,Benzin,Manuell,Grau,1.6,5,9700.0
BMW,2008,243589.0,Benzin,Manuell,Rot,1.4,3,1300.0
Kia,2021,174458.0,Benzin,Manuell,Silber,2.5,5,11400.0
Hyundai,2023,130864.0,Benzin,Automatik,Silber,1.8,4,16500.0
Audi,2018,224858.0,Hybrid,Automatik,Blau,1.8,2,9500.0
Hyundai,2014,174460.0,Benzin,Manuell,Rot,1.2,4,7500.0
Mercedes,2010,152395.0,Benzin,Automatik,Braun,2.0,4,10600.0
Opel,2022,200341.0,Benzin,Manuell,Grau,2.0,4,9600.0
Mercedes,2008,172391.0,Hybrid,Automatik,Rot,1.6,4,4400.0
Audi,2015,198831.0,Hybrid,Automatik,Weiß,1.8,4,6400.0
Ford,2017,16868.0,Diesel,Manuell,Blau,2.5,5,15000.0
Mercedes,2012,230804.0,Benzin,Automatik,Grau,3.0,4,9600.0
Mercedes,2014,2080.0,Benzin,Automatik,Blau,2.0,4,19800.0
Mercedes,2015,144848.0,Benzin,Automatik,Rot,1.8,4,18100.0
VW,2007,197303.0,Benzin,Automatik,Schwarz,1.4,4,1200.0
Toyota,2019,186524.0,Diesel,Manuell,Rot,2.5,2,7100.0
Hyundai,2012,184884.0,Benzin,Automatik,Weiß,3.0,5,2900.0
Ford,2022,63271.0,Benzin,Manuell,Blau,1.4,4,21400.0
Hyundai,2005,229577.0,Diesel,Automatik,Schwarz,1.8,5,500.0
Kia,2012,77585.0,Benzin,Manuell,Weiß,1.2,5,9300.0
Toyota,2007,189614.0,Diesel,Automatik,Blau,1.6,4,500.0
Ford,2005,,Benzin,Automatik,Blau,1.6,4,1200.0
Kia,2020,15628.0,Benzin,Automatik,Rot,3.0,4,20300.0
Skoda,2013,125850.0,Benzin,Automatik,Grün,1.4,4,5800.0
VW,2021,139337.0,Hybrid,Automatik,Blau,1.8,5,16100.0
Mercedes,2020,155743.0,Benzin,Manuell,Blau,1.8,5,22700.0
VW,2010,128872.0,Benzin,Automatik,Silber,1.2,3,5700.0
Hyundai,2011,12460.0,Benzin,Automatik,Grün,4.0,4,12200.0
Ford,2020,3477.0,Diesel,Automatik,Blau,1.6,5,16600.0
Kia,2012,2202.0,Elektro,Manuell,Rot,4.0,4,12000.0
Audi,2014,113846.0,Benzin,Automatik,Silber,4.0,5,13200.0
Kia,2018,89410.0,Benzin,Automatik,Silber,1.2,5,14000.0
VW,2015,244000.0,Hybrid,Automatik,Braun,4.0,4,6200.0
Mercedes,2006,106753.0,Diesel,Manuell,Schwarz,4.0,4,9200.0
Audi,2016,11850.0,Diesel,Manuell,Weiß,1.2,4,23300.0
Hyundai,2017,235693.0,Benzin,Automatik,Silber,2.0,4,7400.0
Audi,2019,151881.0,Benzin,Automatik,Grau,4.0,4,17300.0
Toyota,2016,201958.0,Diesel,Automatik,Silber,1.6,4,4700.0
Skoda,2017,133878.0,Diesel,Manuell,Braun,1.2,5,8200.0
Mercedes,2012,138235.0,Diesel,Automatik,Grau,2.5,4,11100.0
VW,2020,94368.0,Benzin,Manuell,Braun,4.0,3,17200.0
Ford,2007,185.0,Diesel,Automatik,Braun,2.0,4,5200.0
Opel,2017,237446.0,Elektro,Automatik,Grün,1.6,4,4600.0
Audi,2016,24718.0,Hybrid,Automatik,Schwarz,1.0,4,17400.0
BMW,2023,208153.0,Benzin,Manuell,Grau,1.6,4,18600.0
Opel,2006,187274.0,Diesel,Manuell,Schwarz,1.4,3,500.0
Hyundai,2005,156287.0,Diesel,Manuell,Schwarz,2.5,4,1400.0
BMW,2012,159397.0,Elektro,Automatik,Schwarz,1.8,4,12900.0
BMW,2013,18458.0,Diesel,Automatik,Grau,1.4,4,21300.0
BMW,2012,130293.0,Hybrid,Automatik,Grau,1.2,4,15000.0
Kia,2021,122342.0,Hybrid,Automatik,Schwarz,1.2,4,13500.0
Opel,2013,147078.0,Benzin,Automatik,Grün,1.8,5,2200.0
Hyundai,2010,225152.0,Diesel,Automatik,Schwarz,3.0,4,500.0
VW,2019,164041.0,Diesel,Automatik,Grün,3.0,4,6800.0
Skoda,2017,76820.0,Benzin,Automatik,Weiß,1.8,5,10100.0
Hyundai,2016,104014.0,Benzin,Manuell,Grün,1.2,4,10200.0
VW,2017,248925.0,Benzin,Automatik,Grün,1.6,5,4000.0
VW,2011,158727.0,Diesel,Manuell,Grün,2.5,3,4500.0
BMW,2022,225751.0,Benzin,Automatik,Schwarz,2.0,4,16300.0
Mercedes,2018,81234.0,Elektro,Manuell,Blau,2.5,4,19700.0
Opel,2015,129282.0,Diesel,Automatik,Weiß,1.8,2,4800.0
VW,2018,231478.0,Diesel,Automatik,Weiß,1.2,4,6700.0
Opel,2021,9102.0,Benzin,Manuell,Braun,3.0,4,16000.0
Toyota,2006,67107.0,Benzin,Automatik,Weiß,1.2,4,3900.0
Kia,2023,234501.0,Benzin,Manuell,Blau,3.0,5,11900.0
Skoda,2020,126328.0,Benzin,Manuell,Weiß,2.5,3,11600.0
Toyota,2014,,Elektro,Automatik,Weiß,1.4,4,5900.0
VW,2012,152625.0,Diesel,Manuell,Grau,1.6,4,8800.0
Hyundai,2009,84079.0,Benzin,Manuell,Rot,2.5,4,4300.0
Opel,2011,129169.0,Elektro,Automatik,Braun,1.6,5,1600.0
Toyota,2017,94437.0,Benzin,Manuell,Grau,4.0,4,11800.0
Opel,2020,79570.0,Benzin,Manuell,Schwarz,2.5,2,15800.0
Kia,2009,92656.0,Diesel,Automatik,Braun,1.0,4,4100.0
Hyundai,2020,197937.0,Benzin,Automatik,Schwarz,1.0,5,10400.0
Toyota,2019,118301.0,Diesel,Automatik,Braun,1.6,4,14700.0
Opel,2013,172492.0,Diesel,Manuell,Grün,4.0,4,1700.0
Hyundai,2016,156454.0,Diesel,Manuell,Silber,1.6,4,6100.0
BMW,2012,200307.0,Benzin,Manuell,Braun,1.8,4,10000.0
Audi,2017,38795.0,Benzin,Automatik,Rot,1.0,4,20000.0
BMW,2009,51425.0,Benzin,Automatik,Blau,1.2,4,12300.0
Skoda,2018,57402.0,Hybrid,Manuell,Grau,1.6,5,13300.0
VW,2020,193611.0,Benzin,Automatik,Braun,1.6,4,10200.0
Mercedes,2015,207275.0,Benzin,Manuell,Schwarz,2.0,4,8500.0
Audi,2016,103127.0,Elektro,Manuell,Blau,2.0,4,17200.0
VW,2019,238723.0,Diesel,Automatik,Weiß,3.0,4,6300.0
Toyota,2016,154531.0,Elektro,Automatik,Blau,4.0,4,2500.0
Skoda,2013,49649.0,Hybrid,Automatik,Grau,1.0,4,10400.0
Kia,2005,203567.0,Benzin,Manuell,Rot,1.0,4,500.0
Skoda,2007,95117.0,Benzin,Manuell,Silber,2.0,4,6700.0
Opel,2016,177456.0,Benzin,Manuell,Grün,1.6,4,4300.0
Skoda,2017,202818.0,Benzin,Automatik,Grau,1.6,3,3800.0
Toyota,2010,209125.0,Diesel,Automatik,Grün,1.0,2,1600.0
Kia,2014,187350.0,Benzin,Manuell,Rot,4.0,4,3000.0
Kia,2014,78156.0,Diesel,Automatik,Schwarz,1.4,3,8200.0
Ford,2020,167816.0,Benzin,Manuell,Grün,1.8,4,10600.0
Skoda,2005,88340.0,Benzin,Automatik,Schwarz,1.0,5,500.0
BMW,2020,30568.0,Diesel,Automatik,Blau,3.0,4,20600.0
Ford,2008,,Benzin,Automatik,Grau,1.4,4,4400.0
Ford,2010,8912.0,Diesel,Automatik,Schwarz,1.0,5,10700.0
Toyota,2023,163599.0,Hybrid,Manuell,Weiß,2.0,4,12700.0
Audi,2006,227471.0,Diesel,Automatik,Weiß,1.0,5,1400.0
BMW,2022,50426.0,Benzin,Manuell,Silber,1.4,4,25100.0
Kia,2014,110363.0,Hybrid,Automatik,Blau,1.8,4,10100.0
Skoda,2008,230066.0,Benzin,Automatik,Schwarz,1.6,4,500.0
Ford,2005,151479.0,Diesel,Automatik,Silber,2.5,3,500.0
VW,2019,143416.0,Benzin,Automatik,Weiß,2.0,5,11000.0
VW,2014,232813.0,Benzin,Automatik,Silber,1.4,3,3200.0
Ford,2022,2355.0,Hybrid,Manuell,Braun,3.0,4,19800.0
Opel,2020,96429.0,Benzin,Automatik,Silber,3.0,4,12700.0
Skoda,2017,185805.0,Elektro,Automatik,Schwarz,1.2,3,8300.0
Toyota,2019,197357.0,Benzin,Automatik,Schwarz,2.5,4,9300.0
Kia,2006,216043.0,Elektro,Automatik,Schwarz,1.0,2,500.0
Ford,2008,176805.0,Hybrid,Automatik,Blau,1.2,4,500.0
BMW,2005,187987.0,Benzin,Manuell,Grün,3.0,5,2900.0
Ford,2011,,Diesel,Automatik,Silber,1.0,4,5300.0
Hyundai,2015,111151.0,Diesel,Automatik,Silber,1.2,3,7200.0
Kia,2014,38526.0,Hybrid,Manuell,Blau,1.0,4,11400.0
Audi,2005,18088.0,Benzin,Automatik,Weiß,1.8,5,10000.0
Kia,2015,65377.0,Diesel,Automatik,Grau,2.5,4,10100.0
BMW,2014,175477.0,Benzin,Automatik,Grün,2.0,4,11800.0
Hyundai,2018,169914.0,Benzin,Automatik,Weiß,2.0,5,11200.0
Audi,2018,61788.0,Benzin,Automatik,Blau,2.0,4,20200.0
Mercedes,2011,242754.0,Diesel,Manuell,Grün,3.0,4,5100.0
BMW,2015,51529.0,Elektro,Manuell,Grün,1.8,4,23900.0
VW,2008,221011.0,Benzin,Manuell,Silber,2.5,5,500.0
Opel,2006,112833.0,Diesel,Automatik,Silber,1.4,5,500.0
Kia,2011,103578.0,Diesel,Manuell,Schwarz,4.0,5,8900.0
Mercedes,2023,183455.0,Benzin,Automatik,Schwarz,1.4,4,18300.0
Hyundai,2018,243383.0,Hybrid,Automatik,Braun,2.0,4,8100.0
Mercedes,2023,39177.0,Benzin,Automatik,Silber,1.4,4,24700.0
Toyota,2011,116903.0,Benzin,Automatik,Silber,1.0,5,8800.0
Skoda,2016,39056.0,Benzin,Manuell,Rot,1.0,5,13700.0
Kia,2007,219321.0,Elektro,Manuell,Grün,1.4,4,500.0
Skoda,2019,66421.0,Hybrid,Manuell,Schwarz,1.6,4,18200.0
VW,2009,164704.0,Benzin,Manuell,Schwarz,1.2,4,700.0
Mercedes,2012,39685.0,Benzin,Manuell,Weiß,4.0,4,20200.0
Hyundai,2018,208294.0,Benzin,Automatik,Silber,3.0,4,3700.0
VW,2008,,Diesel,Automatik,Grün,1.4,4,4900.0
Skoda,2011,8977.0,Diesel,Manuell,Silber,2.5,4,9200.0
Mercedes,2011,90568.0,Hybrid,Automatik,Blau,1.6,2,15300.0
VW,2022,48967.0,Elektro,Manuell,Weiß,1.8,5,19200.0
BMW,2018,74072.0,Elektro,Automatik,Grau,1.6,5,19400.0
Ford,2012,146142.0,Diesel,Automatik,Grau,4.0,5,4600.0
Opel,2016,213545.0,Benzin,Automatik,Grau,2.5,4,4800.0
Audi,2014,21500.0,Diesel,Manuell,Grün,1.6,4,19500.0
BMW,2018,237059.0,Benzin,Automatik,Rot,3.0,4,13700.0
VW,2013,115475.0,Benzin,Manuell,Schwarz,1.2,5,12300.0
Hyundai,2010,10011.0,Benzin,Automatik,Grün,2.5,4,10000.0
Toyota,2009,179111.0,Diesel,Manuell,Grau,1.0,4,500.0
Ford,2005,139968.0,Diesel,Automatik,Blau,3.0,4,500.0
Audi,2005,95335.0,Diesel,Automatik,Braun,2.0,5,4900.0
BMW,2021,211190.0,Benzin,Automatik,Grün,1.8,2,13900.0
Toyota,2015,171030.0,Diesel,Automatik,Grün,4.0,4,8400.0
Toyota,2016,172984.0,Benzin,Automatik,Braun,4.0,4,6900.0
Toyota,2007,814.0,Diesel,Manuell,Schwarz,1.4,5,6100.0
Ford,2010,206348.0,Benzin,Automatik,Schwarz,4.0,4,500.0
Mercedes,2015,155791.0,Elektro,Automatik,Grau,4.0,4,14300.0
BMW,2017,232153.0,Diesel,Automatik,Schwarz,1.2,4,13300.0
Mercedes,2015,20150.0,Diesel,Automatik,Braun,1.8,4,23200.0
Kia,2012,201566.0,Diesel,Automatik,Weiß,1.2,4,2200.0
Ford,2014,3825.0,Diesel,Automatik,Braun,1.0,4,17000.0
Toyota,2006,50368.0,Benzin,Automatik,Braun,2.5,4,5100.0
Toyota,2018,145872.0,Diesel,Automatik,Weiß,1.6,5,9800.0
Ford,2020,75535.0,Benzin,Automatik,Braun,1.8,4,9100.0
Kia,2021,86390.0,Benzin,Manuell,Grau,1.6,5,14100.0
Opel,2015,242340.0,Benzin,Automatik,Grün,2.0,4,3100.0
Hyundai,2006,223923.0,Hybrid,Automatik,Blau,1.2,4,500.0
Opel,2009,105076.0,Benzin,Automatik,Schwarz,3.0,5,1800.0
Mercedes,2020,206089.0,Benzin,Automatik,Silber,1.6,3,16600.0
Ford,2020,179577.0,Hybrid,Automatik,Grün,3.0,4,11100.0
Hyundai,2006,57899.0,Elektro,Manuell,Grau,1.4,4,4400.0
Opel,2020,213854.0,Benzin,Automatik,Rot,1.8,5,2200.0
Mercedes,2009,22601.0,Hybrid,Manuell,Schwarz,1.4,4,16600.0
VW,2012,141749.0,Benzin,Automatik,Grau,2.5,4,8000.0
Skoda,2018,160624.0,Diesel,Manuell,Braun,1.4,5,7000.0
Hyundai,2014,218930.0,Diesel,Manuell,Grau,3.0,4,2200.0
Audi,2006,198963.0,Diesel,Automatik,Blau,4.0,3,500.0
Hyundai,2007,205765.0,Diesel,Automatik,Silber,1.2,4,500.0
Mercedes,2022,231771.0,Benzin,Automatik,Schwarz,1.4,5,18100.0
Toyota,2006,123355.0,Benzin,Manuell,Grau,2.5,4,1600.0
Mercedes,2013,91450.0,Diesel,Automatik,Grau,1.8,4,19000.0
BMW,2006,164364.0,Benzin,Automatik,Grün,2.5,4,7300.0
Toyota,2011,128424.0,Hybrid,Automatik,Schwarz,1.2,5,4700.0
Mercedes,2011,125451.0,Benzin,Automatik,Braun,1.6,5,12400.0
Opel,2018,66097.0,Benzin,Manuell,Grau,1.0,4,13700.0
Skoda,2009,204775.0,Diesel,Manuell,Grau,1.8,2,1400.0
Mercedes,2012,147256.0,Benzin,Automatik,Grau,3.0,5,12900.0
Opel,2022,221105.0,Benzin,Automatik,Weiß,1.0,4,10300.0
Audi,2010,220408.0,Benzin,Automatik,Weiß,2.5,5,4400.0
BMW,2018,192118.0,Hybrid,Manuell,Silber,2.5,4,11800.0
VW,2022,234040.0,Benzin,Manuell,Blau,2.5,4,9800.0
BMW,2021,66741.0,Benzin,Automatik,Grün,1.0,3,22900.0
Toyota,2013,61377.0,Benzin,Automatik,Grün,1.4,4,7900.0
Skoda,2017,143111.0,Benzin,Manuell,Schwarz,1.2,4,6300.0
BMW,2020,45161.0,Benzin,Automatik,Blau,1.8,4,23600.0
Hyundai,2014,166078.0,Elektro,Automatik,Braun,1.2,3,4600.0
VW,2014,148616.0,Hybrid,Automatik,Blau,1.8,3,7400.0
Toyota,2008,12987.0,Benzin,Automatik,Grün,1.8,4,8000.0
Hyundai,2016,5239.0,Diesel,Automatik,Braun,1.6,4,18100.0
Toyota,2012,44785.0,Hybrid,Manuell,Weiß,2.5,5,12900.0
Hyundai,2019,23358.0,Benzin,Automatik,Silber,2.0,4,14100.0
Kia,2023,114759.0,Benzin,Automatik,Braun,1.2,4,14100.0
Skoda,2019,213746.0,Hybrid,Automatik,Braun,1.6,3,8700.0
Opel,2012,187522.0,Diesel,Manuell,Blau,2.5,4,2900.0
BMW,2012,219592.0,Benzin,Automatik,Grün,4.0,4,7500.0
Audi,2023,159500.0,Benzin,Automatik,Blau,4.0,5,16100.0
Hyundai,2013,9096.0,Benzin,Automatik,Grau,1.4,5,11100.0
Kia,2021,47582.0,Benzin,Manuell,Schwarz,1.0,4,15900.0
Skoda,2012,155608.0,Diesel,Automatik,Silber,4.0,5,4900.0
Audi,2016,188467.0,Diesel,Automatik,Grün,3.0,4,14800.0
BMW,2019,111595.0,Diesel,Automatik,Schwarz,2.5,4,17200.0
Kia,2008,199229.0,Benzin,Automatik,Braun,2.0,3,500.0
Audi,2010,101494.0,Benzin,Manuell,Weiß,2.5,4,10700.0
VW,2020,69484.0,Benzin,Manuell,Blau,4.0,4,18600.0
Ford,2009,1287.0,Elektro,Automatik,Blau,2.0,4,6200.0
Toyota,2017,185582.0,Diesel,Automatik,Rot,1.4,4,10200.0
Toyota,2019,23902.0,Benzin,Automatik,Schwarz,1.4,5,16700.0
Mercedes,2021,56188.0,Benzin,Automatik,Weiß,1.6,4,22500.0
VW,2009,112894.0,Elektro,Manuell,Grün,3.0,3,2400.0
Ford,2023,152236.0,Diesel,Automatik,Rot,4.0,4,14200.0
Mercedes,2011,81204.0,Benzin,Automatik,Braun,3.0,5,14400.0
Audi,2007,132844.0,Benzin,Manuell,Rot,1.2,5,7300.0
Mercedes,2017,184126.0,Benzin,Automatik,Grau,1.6,4,12600.0
Hyundai,2018,185950.0,Elektro,Automatik,Rot,1.6,5,7000.0
VW,2020,126800.0,Diesel,Manuell,Rot,1.2,5,12700.0
Kia,2017,163310.0,Diesel,Manuell,Grau,3.0,4,7700.0
Kia,2006,235576.0,Elektro,Manuell,Blau,1.4,4,500.0
Ford,2018,58293.0,Hybrid,Manuell,Blau,1.2,3,10400.0
BMW,2011,212370.0,Benzin,Automatik,Braun,2.5,4,12600.0
Kia,2009,232514.0,Benzin,Automatik,Silber,1.0,4,500.0
VW,2018,7213.0,Benzin,Automatik,Rot,2.0,5,18400.0
Skoda,2013,14941.0,Benzin,Manuell,Schwarz,1.4,4,8600.0
Toyota,2014,95881.0,Diesel,Automatik,Blau,1.4,4,5400.0
Skoda,2011,231792.0,Elektro,Automatik,Weiß,1.8,4,500.0
Mercedes,2018,147036.0,Diesel,Manuell,Grün,1.4,4,17400.0
Opel,2018,26855.0,Benzin,Automatik,Schwarz,1.6,3,17100.0
Hyundai,2006,189841.0,Benzin,Automatik,Silber,1.4,4,500.0
Opel,2021,121739.0,Benzin,Automatik,Rot,2.5,4,11900.0
VW,2008,214576.0,Elektro,Automatik,Grau,1.4,5,500.0
Opel,2017,1046.0,Benzin,Automatik,Silber,1.6,4,18000.0
Skoda,2022,14909.0,Benzin,Automatik,Schwarz,1.2,5,21200.0
BMW,2007,210186.0,Benzin,Automatik,Grau,1.2,4,1600.0
VW,2023,154440.0,Hybrid,Automatik,Braun,4.0,4,14800.0
Toyota,2009,116853.0,Diesel,Automatik,Weiß,1.0,4,4600.0
Ford,2005,94135.0,Hybrid,Automatik,Grau,1.0,3,600.0
VW,2013,71255.0,Diesel,Automatik,Grau,1.0,3,12400.0
Audi,2012,212568.0,Diesel,Automatik,Weiß,1.4,2,8600.0
Toyota,2007,220214.0,Benzin,Automatik,Blau,1.2,4,500.0
VW,2006,246936.0,Benzin,Manuell,Blau,1.4,4,500.0
Audi,2005,244974.0,Diesel,Manuell,Grau,1.8,4,2700.0
Toyota,2016,146696.0,Elektro,Automatik,Grün,4.0,4,10300.0
Mercedes,2017,,Benzin,Automatik,Grau,1.2,4,12000.0
Kia,2014,106378.0,Benzin,Automatik,Silber,1.0,5,5100.0
Hyundai,2021,10352.0,Diesel,Manuell,Grün,2.0,5,19500.0
Kia,2015,96421.0,Benzin,Manuell,Blau,1.4,5,11100.0
Skoda,2009,80539.0,Diesel,Automatik,Weiß,2.5,4,500.0
Ford,2013,9223.0,Benzin,Manuell,Rot,2.0,4,12400.0
Kia,2017,228041.0,Benzin,Manuell,Rot,2.5,5,3900.0
VW,2015,249048.0,Benzin,Automatik,Grau,1.8,4,3100.0
Mercedes,2008,78254.0,Diesel,Automatik,Grau,1.0,4,10700.0
Opel,2015,66851.0,Diesel,Automatik,Rot,1.4,4,9900.0
Skoda,2013,50044.0,Benzin,Automatik,Silber,1.4,4,13200.0
Kia,2011,218161.0,Elektro,Automatik,Silber,2.5,4,500.0
BMW,2020,90218.0,Benzin,Manuell,Silber,1.4,4,22400.0
Ford,2009,85000.0,Benzin,Automatik,Braun,1.8,4,3300.0
Opel,2010,107240.0,Diesel,Automatik,Schwarz,1.6,3,5700.0
Hyundai,2023,162491.0,Benzin,Manuell,Weiß,1.6,5,12800.0
VW,2005,144839.0,Diesel,Automatik,Schwarz,2.5,4,1500.0
Mercedes,2020,203074.0,Hybrid,Automatik,Grau,1.0,4,15900.0
Toyota,2022,31028.0,Diesel,Automatik,Silber,2.5,4,20300.0
Kia,2017,47953.0,Diesel,Automatik,Silber,3.0,4,8600.0
BMW,2005,57965.0,Diesel,Automatik,Rot,1.4,3,7300.0
Ford,2014,234466.0,Benzin,Manuell,Braun,1.4,4,2300.0
Hyundai,2011,69776.0,Benzin,Automatik,Rot,1.6,4,3700.0
Kia,2009,,Benzin,Automatik,Grün,2.0,4,7100.0
Hyundai,2017,90932.0,Hybrid,Automatik,Silber,2.5,5,11400.0
Opel,2020,82331.0,Benzin,Manuell,Braun,1.0,4,11700.0
Opel,2018,155761.0,Benzin,Manuell,Blau,1.6,4,6700.0
Skoda,2015,211518.0,Hybrid,Manuell,Rot,2.5,4,4500.0
Kia,2023,67982.0,Diesel,Automatik,Weiß,1.2,5,19500.0
Mercedes,2006,134418.0,Hybrid,Manuell,Braun,1.0,3,6200.0
Ford,2012,176251.0,Diesel,Manuell,Schwarz,1.0,5,1600.0
Toyota,2017,114773.0,Benzin,Manuell,Braun,2.0,4,9400.0
Toyota,2011,40517.0,Elektro,Automatik,Weiß,1.8,3,4900.0
VW,2016,69678.0,Benzin,Automatik,Rot,1.0,4,13600.0
VW,2012,212678.0,Benzin,Automatik,Silber,1.4,4,4800.0
Ford,2020,112491.0,Diesel,Automatik,Grau,2.5,4,14400.0
Kia,2022,72623.0,Diesel,Manuell,Braun,4.0,4,14700.0
Kia,2023,220360.0,Elektro,Automatik,Blau,4.0,4,7400.0
Opel,2008,212243.0,Hybrid,Automatik,Rot,2.0,4,500.0
BMW,2016,,Elektro,Automatik,Weiß,1.4,4,14000.0
VW,2020,218826.0,Benzin,Automatik,Braun,1.0,5,9400.0
BMW,2021,97409.0,Diesel,Automatik,Grau,1.4,5,21500.0
Kia,2008,48575.0,Diesel,Automatik,Rot,1.2,4,8800.0
VW,2013,108501.0,Hybrid,Manuell,Silber,1.8,5,7500.0
Toyota,2009,45039.0,Benzin,Automatik,Grün,3.0,3,7500.0
Hyundai,2021,181027.0,Benzin,Manuell,Silber,1.8,2,13500.0
VW,2021,80260.0,Elektro,Automatik,Silber,1.0,4,16400.0
Kia,2006,55871.0,Benzin,Manuell,Silber,1.4,4,2000.0
Kia,2006,191750.0,Diesel,Automatik,Rot,1.8,4,500.0
Hyundai,2011,120773.0,Benzin,Automatik,Grün,2.5,4,3400.0
BMW,2008,162423.0,Benzin,Automatik,Blau,1.8,3,8000.0
Ford,2017,60693.0,Diesel,Automatik,Blau,1.8,4,10800.0
Hyundai,2015,31433.0,Benzin,Automatik,Weiß,2.5,5,13500.0
Toyota,2007,74797.0,Diesel,Manuell,Rot,3.0,5,3400.0
Kia,2006,210087.0,Benzin,Automatik,Braun,3.0,4,500.0
Mercedes,2020,15804.0,Benzin,Automatik,Braun,2.5,4,25800.0
Toyota,2007,223853.0,Benzin,Manuell,Grün,1.4,4,500.0
BMW,2019,45101.0,Diesel,Automatik,Braun,1.2,4,23000.0
Hyundai,2021,191187.0,Benzin,Automatik,Grün,1.0,4,8400.0
Kia,2020,78363.0,Diesel,Manuell,Silber,2.0,4,13000.0
Kia,2011,249942.0,Diesel,Automatik,Braun,4.0,4,500.0
Hyundai,2020,,Diesel,Manuell,Blau,1.4,2,16100.0
Ford,2009,44700.0,Diesel,Manuell,Rot,1.8,5,7000.0
Hyundai,2006,114952.0,Benzin,Manuell,Grau,4.0,5,2400.0
VW,2005,77576.0,Benzin,Manuell,Blau,4.0,4,3500.0
Audi,2017,19477.0,Diesel,Automatik,Braun,2.5,4,17500.0
Ford,2020,16127.0,Benzin,Automatik,Blau,1.6,5,19100.0
Audi,2009,217790.0,Elektro,Manuell,Grün,1.2,3,6100.0
BMW,2007,26049.0,Elektro,Automatik,Weiß,1.2,4,14700.0
Opel,2019,221135.0,Benzin,Automatik,Blau,1.6,4,5300.0
Toyota,2020,12473.0,Diesel,Manuell,Grau,1.0,4,19600.0
Skoda,2015,213317.0,Hybrid,Automatik,Silber,1.6,5,5600.0
Hyundai,2023,230582.0,Benzin,Automatik,Schwarz,2.0,4,12600.0
Toyota,2022,61836.0,Diesel,Automatik,Weiß,2.0,3,19500.0
Skoda,2013,42464.0,Benzin,Automatik,Grau,2.5,3,10900.0
BMW,2012,13714.0,Diesel,Automatik,Weiß,1.8,2,15300.0
BMW,2023,60878.0,Elektro,Manuell,Braun,4.0,4,24700.0
Opel,2009,165280.0,Diesel,Manuell,Rot,1.2,4,900.0
Ford,2021,97481.0,Diesel,Manuell,Braun,1.2,4,15300.0
Toyota,2009,218176.0,Hybrid,Automatik,Silber,1.6,4,2000.0
Toyota,2018,205755.0,Diesel,Automatik,Blau,1.6,4,6900.0
Hyundai,2011,212875.0,Diesel,Automatik,Braun,1.6,4,4900.0
BMW,2013,41514.0,Diesel,Automatik,Rot,1.0,4,13800.0
Skoda,2021,96988.0,Diesel,Automatik,Blau,1.6,4,15300.0
Mercedes,2007,5136.0,Elektro,Automatik,Braun,1.8,4,13700.0
Opel,2012,98115.0,Hybrid,Automatik,Grün,4.0,4,2400.0
Ford,2017,31516.0,Diesel,Automatik,Grau,1.4,4,13600.0
Kia,2020,76982.0,Diesel,Manuell,Silber,1.4,5,11700.0
Mercedes,2014,194950.0,Benzin,Automatik,Schwarz,1.8,4,11100.0
VW,2022,45099.0,Elektro,Manuell,Schwarz,2.0,4,19400.0
Audi,2007,90060.0,Diesel,Automatik,Blau,1.4,4,11300.0
Opel,2016,13188.0,Diesel,Automatik,Rot,1.0,3,10600.0
Skoda,2020,235195.0,Benzin,Automatik,Grün,3.0,4,8600.0
Mercedes,2022,237445.0,Hybrid,Automatik,Silber,1.0,4,15900.0
Skoda,2021,111073.0,Benzin,Automatik,Silber,1.2,3,15800.0
Hyundai,2011,51188.0,Benzin,Automatik,Grau,1.4,4,7900.0
Opel,2023,124077.0,Diesel,Manuell,Rot,2.0,2,11000.0
BMW,2012,5560.0,Diesel,Automatik,Schwarz,1.6,4,15900.0
Ford,2021,242229.0,Benzin,Automatik,Grau,1.6,3,4100.0
Skoda,2011,108763.0,Diesel,Automatik,Braun,4.0,2,6800.0
Toyota,2005,167469.0,Benzin,Automatik,Weiß,2.0,5,1600.0
Mercedes,2012,208265.0,Benzin,Manuell,Silber,1.2,5,8100.0
Toyota,2023,123651.0,Benzin,Automatik,Schwarz,2.5,4,16500.0
Skoda,2014,38082.0,Elektro,Automatik,Grau,1.4,4,8700.0
Mercedes,2016,215448.0,Benzin,Automatik,Blau,4.0,4,12400.0
BMW,2005,41430.0,Benzin,Manuell,Weiß,2.0,4,12300.0
Audi,2008,181594.0,Diesel,Automatik,Grau,3.0,4,2400.0
Audi,2008,40397.0,Benzin,Manuell,Blau,1.0,4,12000.0
Hyundai,2013,207932.0,Diesel,Automatik,Schwarz,1.2,4,3900.0
VW,2019,129189.0,Elektro,Manuell,Schwarz,2.0,3,6900.0
Audi,2019,25247.0,Elektro,Manuell,Weiß,1.4,3,24600.0
VW,2011,214166.0,Benzin,Manuell,Blau,1.0,5,2800.0
Mercedes,2016,245870.0,Diesel,Automatik,Silber,2.0,4,11900.0
Audi,2007,151015.0,Diesel,Automatik,Grün,1.8,4,5200.0
Skoda,2013,170532.0,Benzin,Automatik,Grün,4.0,4,900.0
BMW,2018,41986.0,Benzin,Automatik,Schwarz,2.0,4,22400.0
Skoda,2017,44514.0,Benzin,Automatik,Rot,1.8,4,13700.0
Skoda,2016,211980.0,Benzin,Manuell,Silber,1.0,4,4800.0
VW,2005,183457.0,Hybrid,Automatik,Silber,1.0,4,1000.0
Kia,2023,143703.0,Diesel,Automatik,Grün,1.0,4,15200.0
Kia,2020,67008.0,Benzin,Manuell,Grau,2.5,4,19000.0
Ford,2016,158027.0,Benzin,Automatik,Braun,2.0,4,7200.0
Audi,2014,47367.0,Hybrid,Manuell,Grau,1.8,4,15400.0
BMW,2006,161874.0,Benzin,Manuell,Schwarz,1.6,4,5300.0
BMW,2022,70408.0,Diesel,Manuell,Silber,3.0,4,23900.0
Toyota,2017,224155.0,Benzin,Manuell,Grau,3.0,4,7400.0
Skoda,2010,43341.0,Elektro,Automatik,Blau,1.8,4,5400.0
BMW,2016,144763.0,Diesel,Automatik,Blau,1.6,5,14600.0
Mercedes,2008,109786.0,Benzin,Automatik,Braun,1.2,4,14100.0
Opel,2005,4753.0,Benzin,Automatik,Blau,2.5,5,4800.0
Skoda,2015,1833.0,Diesel,Automatik,Braun,1.8,4,16300.0
VW,2012,235304.0,Hybrid,Manuell,Blau,1.4,5,2800.0
Skoda,2006,8645.0,Benzin,Automatik,Braun,4.0,4,8800.0
BMW,2006,236192.0,Diesel,Automatik,Braun,4.0,5,500.0
Hyundai,2020,115428.0,Benzin,Manuell,Braun,3.0,4,11100.0
Mercedes,2005,95977.0,Elektro,Automatik,Silber,1.0,3,9200.0
Mercedes,2008,40024.0,Diesel,Automatik,Blau,1.4,4,11300.0
Audi,2010,248140.0,Benzin,Automatik,Silber,1.2,5,3100.0
Kia,2018,108853.0,Benzin,Manuell,Grün,1.6,4,12000.0
VW,2019,211670.0,Benzin,Manuell,Schwarz,1.2,4,12200.0
Audi,2011,140707.0,Diesel,Manuell,Braun,3.0,4,10600.0
Ford,2011,151136.0,Benzin,Automatik,Schwarz,1.0,4,4500.0
Opel,2022,9940.0,Benzin,Manuell,Blau,1.6,4,20900.0
Toyota,2006,35169.0,Hybrid,Automatik,Blau,1.8,4,4100.0
Mercedes,2019,78647.0,Benzin,Automatik,Blau,1.6,5,20900.0
VW,2005,240739.0,Diesel,Automatik,Braun,3.0,5,800.0
Kia,2021,45200.0,Benzin,Automatik,Schwarz,1.2,4,16900.0
VW,2017,187401.0,Benzin,Automatik,Grau,4.0,4,10500.0
Toyota,2016,182230.0,Benzin,Manuell,Schwarz,1.2,4,8600.0
Toyota,2019,160811.0,Diesel,Automatik,Blau,1.2,4,7200.0
Audi,2009,239354.0,Diesel,Automatik,Grau,1.2,3,3900.0
Skoda,2011,148865.0,Elektro,Automatik,Braun,3.0,5,4200.0
Ford,2012,83682.0,Benzin,Automatik,Grau,1.4,4,8100.0
Ford,2018,,Benzin,Automatik,Weiß,3.0,5,13200.0
BMW,2008,197368.0,Hybrid,Manuell,Grün,2.5,5,3300.0
Ford,2018,23022.0,Benzin,Manuell,Silber,1.6,2,14300.0
VW,2014,202220.0,Benzin,Manuell,Grün,2.5,5,4900.0
Ford,2020,232616.0,Benzin,Manuell,Blau,3.0,4,8700.0
Kia,2015,158337.0,Diesel,Automatik,Silber,2.0,4,10200.0
Ford,2018,530.0,Elektro,Manuell,Weiß,2.0,4,19200.0
Mercedes,2018,9551.0,Benzin,Automatik,Silber,1.4,4,25600.0
BMW,2006,28394.0,Benzin,Automatik,Blau,1.8,4,10400.0
VW,2017,42987.0,Diesel,Automatik,Weiß,1.2,4,14600.0
Toyota,2007,180056.0,Hybrid,Automatik,Silber,1.8,3,500.0
Audi,2022,68096.0,Benzin,Automatik,Braun,1.8,4,20900.0
Opel,2008,84097.0,Elektro,Automatik,Schwarz,2.5,4,4800.0
Audi,2023,70639.0,Benzin,Automatik,Grau,1.6,2,24300.0
Skoda,2020,155162.0,Benzin,Manuell,Grün,2.0,4,11800.0
Opel,2008,214529.0,Benzin,Automatik,Weiß,4.0,4,500.0
Kia,2023,238841.0,Benzin,Automatik,Schwarz,1.6,4,7100.0
Hyundai,2019,2781.0,Benzin,Manuell,Blau,2.0,3,19400.0
BMW,2005,17330.0,Hybrid,Automatik,Grau,4.0,5,10700.0
Toyota,2020,5257.0,Benzin,Manuell,Grün,1.0,4,16900.0
Audi,2019,58642.0,Benzin,Manuell,Weiß,3.0,3,21300.0
Ford,2020,185321.0,Benzin,Automatik,Grau,1.0,4,11200.0
BMW,2005,51663.0,Diesel,Automatik,Rot,1.6,4,11400.0
Ford,2021,34956.0,Hybrid,Automatik,Braun,1.4,3,17100.0
BMW,2009,235439.0,Benzin,Automatik,Rot,1.6,4,5000.0
BMW,2009,15615.0,Benzin,Automatik,Weiß,2.5,5,15700.0
Skoda,2011,881.0,Benzin,Automatik,Weiß,4.0,4,9000.0
Mercedes,2017,132919.0,Benzin,Automatik,Silber,4.0,4,14500.0
Kia,2016,235975.0,Benzin,Automatik,Grau,1.0,5,3300.0
Ford,2008,182199.0,Diesel,Automatik,Rot,1.0,4,500.0
Ford,2008,121265.0,Diesel,Manuell,Grün,4.0,5,2400.0
Ford,2010,87646.0,Diesel,Automatik,Rot,1.6,3,7000.0
Skoda,2019,127148.0,Benzin,Manuell,Grau,1.4,4,10900.0
Audi,2023,37336.0,Benzin,Automatik,Rot,4.0,4,25700.0
VW,2010,81850.0,Diesel,Manuell,Grün,1.8,4,7600.0
Ford,2016,95654.0,Diesel,Automatik,Schwarz,2.0,5,13700.0
Audi,2018,171003.0,Benzin,Automatik,Braun,1.0,4,14000.0
Mercedes,2022,174996.0,Elektro,Automatik,Rot,1.0,2,23500.0
Ford,2016,22966.0,Benzin,Automatik,Braun,2.5,4,14400.0
Kia,2019,175095.0,Benzin,Automatik,Rot,3.0,4,8500.0
Toyota,2023,11320.0,Benzin,Automatik,Blau,3.0,4,19000.0
Hyundai,2012,188913.0,Hybrid,Automatik,Schwarz,2.5,5,500.0
Ford,2013,65125.0,Benzin,Automatik,Silber,4.0,5,7200.0
VW,2009,198824.0,Hybrid,Automatik,Weiß,1.0,4,500.0
Toyota,2009,222172.0,Benzin,Automatik,Grün,1.2,4,500.0
Kia,2010,235077.0,Benzin,Automatik,Rot,1.4,4,500.0
Skoda,2007,221009.0,Diesel,Manuell,Grün,1.8,5,500.0
Hyundai,2009,117296.0,Benzin,Automatik,Silber,1.6,5,6400.0
Skoda,2005,125355.0,Benzin,Manuell,Silber,1.6,4,500.0
VW,2015,192930.0,Benzin,Automatik,Schwarz,3.0,5,10500.0
Hyundai,2005,189786.0,Elektro,Automatik,Grün,3.0,4,500.0
VW,2011,11780.0,Diesel,Automatik,Weiß,2.5,4,11900.0
Skoda,2019,76230.0,Benzin,Automatik,Blau,1.0,5,12800.0
Kia,2021,201417.0,Benzin,Manuell,Silber,1.6,4,11100.0
Hyundai,2012,213170.0,Diesel,Automatik,Blau,1.0,4,500.0
Opel,2006,112696.0,Benzin,Manuell,Weiß,1.8,4,500.0
Audi,2017,229049.0,Benzin,Automatik,Weiß,1.4,4,9900.0
Kia,2016,106075.0,Benzin,Automatik,Braun,1.4,4,13100.0
Hyundai,2009,133001.0,Diesel,Automatik,Schwarz,1.6,5,3500.0
VW,2017,95153.0,Benzin,Automatik,Grün,1.2,4,10100.0
VW,2010,243682.0,Diesel,Automatik,Grau,2.5,5,500.0
Mercedes,2019,248308.0,Diesel,Automatik,Grün,1.6,4,16100.0
Kia,2015,,Hybrid,Automatik,Rot,1.8,4,7300.0
VW,2008,145316.0,Diesel,Manuell,Schwarz,1.2,5,1200.0
BMW,2005,98415.0,Benzin,Automatik,Grün,2.0,4,11000.0
Audi,2019,109715.0,Diesel,Manuell,Blau,4.0,4,19700.0
Skoda,2016,122636.0,Hybrid,Automatik,Braun,3.0,4,11700.0
Toyota,2013,115402.0,Benzin,Automatik,Grün,3.0,4,5700.0
Mercedes,2015,124281.0,Benzin,Manuell,Schwarz,1.2,4,12700.0
VW,2009,11116.0,Benzin,Manuell,Weiß,1.6,5,10900.0
BMW,2011,219026.0,Elektro,Automatik,Braun,3.0,5,7500.0
Mercedes,2012,212315.0,Benzin,Automatik,Silber,1.0,4,9700.0
BMW,2005,83301.0,Benzin,Automatik,Braun,3.0,5,11800.0
Mercedes,2005,166967.0,Diesel,Manuell,Braun,1.4,5,2200.0
VW,2007,209708.0,Elektro,Automatik,Rot,3.0,4,800.0
BMW,2012,,Benzin,Manuell,Rot,2.0,2,15200.0
Hyundai,2015,109507.0,Diesel,Automatik,Grau,2.5,4,10700.0
Kia,2005,1208.0,Elektro,Automatik,Weiß,1.2,3,5500.0
Toyota,2018,175157.0,Benzin,Manuell,Rot,1.0,2,7000.0
Skoda,2005,65572.0,Diesel,Manuell,Braun,2.0,4,2000.0
Toyota,2010,196306.0,Diesel,Automatik,Rot,1.4,4,500.0
Skoda,2010,83748.0,Hybrid,Manuell,Silber,1.6,4,6400.0
Opel,2007,142324.0,Diesel,Manuell,Blau,4.0,3,500.0
Audi,2014,85261.0,Hybrid,Manuell,Blau,1.4,4,16500.0
Opel,2016,138078.0,Benzin,Manuell,Blau,1.2,4,8700.0
Ford,2014,244443.0,Benzin,Automatik,Schwarz,1.2,5,4400.0
VW,2006,220667.0,Benzin,Manuell,Blau,1.2,2,500.0
Hyundai,2017,70883.0,Benzin,Manuell,Blau,2.0,5,13600.0
Kia,2020,32171.0,Elektro,Automatik,Schwarz,1.2,5,19700.0
Hyundai,2017,28517.0,Benzin,Automatik,Braun,2.5,4,13400.0
Toyota,2008,155346.0,Benzin,Automatik,Braun,2.5,4,500.0
Skoda,2008,164649.0,Benzin,Manuell,Braun,2.5,5,1100.0
Opel,2015,27648.0,Benzin,Manuell,Silber,1.2,4,9300.0
Hyundai,2018,69654.0,Benzin,Automatik,Weiß,2.5,5,18300.0
Opel,2007,17910.0,Benzin,Automatik,Rot,3.0,5,9100.0
Audi,2023,209691.0,Elektro,Automatik,Grau,3.0,4,20200.0
Audi,2005,,Benzin,Automatik,Rot,1.2,4,9600.0
Skoda,2009,209795.0,Diesel,Automatik,Braun,1.8,4,500.0
Ford,2021,424.0,Diesel,Automatik,Braun,2.0,4,17900.0
Hyundai,2005,182971.0,Diesel,Manuell,Blau,4.0,4,500.0
Kia,2023,26641.0,Benzin,Automatik,Blau,2.0,4,17100.0
Opel,2023,165822.0,Hybrid,Manuell,Grün,2.0,3,6500.0
Opel,2008,247228.0,Diesel,Automatik,Rot,2.0,4,500.0
Audi,2023,122416.0,Benzin,Manuell,Braun,4.0,4,17400.0
VW,2010,212526.0,Benzin,Automatik,Rot,2.5,4,4300.0
Skoda,2019,154226.0,Benzin,Manuell,Grün,1.0,4,13600.0
Opel,2008,179238.0,Diesel,Automatik,Blau,1.0,3,500.0
Audi,2005,143064.0,Diesel,Automatik,Braun,1.6,4,7400.0
Audi,2021,34001.0,Benzin,Automatik,Schwarz,1.2,4,25000.0
BMW,2015,239365.0,Benzin,Automatik,Braun,1.4,3,5900.0
Opel,2021,14546.0,Elektro,Manuell,Schwarz,2.5,5,16800.0
BMW,2005,172596.0,Elektro,Automatik,Schwarz,2.5,5,3200.0
Kia,2013,199627.0,Diesel,Manuell,Grau,1.4,4,4400.0
Kia,2018,1304.0,Diesel,Automatik,Weiß,1.2,4,14400.0
Audi,2019,122722.0,Elektro,Manuell,Blau,1.0,4,16900.0
VW,2005,112448.0,Diesel,Automatik,Silber,4.0,4,1000.0
VW,2006,180356.0,Benzin,Automatik,Rot,1.4,5,700.0
BMW,2022,82368.0,Benzin,Automatik,Rot,4.0,4,22000.0
Audi,2022,88327.0,Diesel,Manuell,Blau,1.6,4,20100.0
BMW,2010,10022.0,Benzin,Automatik,Blau,2.0,5,16100.0
Skoda,2012,206958.0,Benzin,Automatik,Blau,2.5,4,5800.0
BMW,2005,77354.0,Elektro,Automatik,Rot,2.0,2,8300.0
Ford,2019,164689.0,Diesel,Automatik,Grün,1.0,4,6900.0
Opel,2014,120045.0,Elektro,Automatik,Blau,2.0,3,7900.0
Kia,2008,69498.0,Benzin,Automatik,Rot,2.0,3,5100.0
Mercedes,2014,189896.0,Hybrid,Manuell,Weiß,1.8,4,8900.0
Audi,2015,123780.0,Benzin,Manuell,Silber,1.4,4,18300.0
VW,2009,201462.0,Diesel,Manuell,Schwarz,1.4,4,500.0
Hyundai,2013,34307.0,Benzin,Automatik,Grün,2.5,5,10400.0
Opel,2009,247659.0,Benzin,Automatik,Silber,3.0,4,500.0
Mercedes,2015,199552.0,Benzin,Manuell,Blau,1.4,4,15500.0
Ford,2007,119645.0,Diesel,Automatik,Silber,1.4,3,500.0
Hyundai,2008,153399.0,Benzin,Automatik,Blau,2.5,3,1800.0
VW,2014,3244.0,Diesel,Manuell,Silber,2.5,3,19200.0
Ford,2011,153792.0,Benzin,Automatik,Grau,4.0,3,3400.0
VW,2005,25090.0,Benzin,Automatik,Braun,2.0,4,4300.0
VW,2010,64277.0,Diesel,Automatik,Silber,2.5,4,7500.0
Audi,2012,111559.0,Hybrid,Automatik,Braun,1.0,4,12400.0
Hyundai,2021,99895.0,Benzin,Automatik,Schwarz,2.5,5,17000.0
Skoda,2011,122641.0,Diesel,Automatik,Schwarz,1.2,5,4500.0
BMW,2005,179608.0,Hybrid,Automatik,Grün,2.5,4,5700.0
BMW,2013,7855.0,Diesel,Manuell,Silber,1.4,3,16100.0
Opel,2015,122963.0,Diesel,Automatik,Rot,4.0,4,4500.0
VW,2023,249502.0,Benzin,Manuell,Braun,1.8,4,9000.0
Opel,2006,116815.0,Benzin,Automatik,Rot,2.5,3,3300.0
Hyundai,2015,132673.0,Benzin,Manuell,Rot,3.0,5,8000.0
VW,2007,163024.0,Benzin,Manuell,Silber,1.2,4,2000.0
VW,2021,111113.0,Elektro,Manuell,Rot,1.0,4,15800.0
Mercedes,2014,50374.0,Benzin,Manuell,Weiß,2.5,5,20900.0
Kia,2007,136762.0,Benzin,Automatik,Silber,2.0,5,500.0
BMW,2007,12521.0,Hybrid,Automatik,Schwarz,2.0,4,15400.0
Hyundai,2011,100146.0,Diesel,Automatik,Braun,1.2,4,4600.0
Ford,2006,207091.0,Hybrid,Automatik,Grün,1.4,4,500.0
Ford,2005,139130.0,Diesel,Automatik,Rot,1.6,4,500.0
Skoda,2011,144776.0,Benzin,Automatik,Grau,1.4,3,2300.0
Toyota,2015,58933.0,Diesel,Automatik,Rot,1.2,4,13200.0
Hyundai,2010,71101.0,Diesel,Manuell,Schwarz,1.4,5,7100.0
Toyota,2008,43856.0,Benzin,Manuell,Weiß,2.0,4,7900.0
Mercedes,2023,37256.0,Benzin,Automatik,Silber,4.0,5,27000.0
Ford,2023,57352.0,Benzin,Automatik,Rot,1.6,5,15400.0
Hyundai,2018,161687.0,Diesel,Manuell,Grau,2.0,4,12000.0
VW,2007,121638.0,Benzin,Automatik,Braun,1.0,5,5300.0
Kia,2008,238282.0,Diesel,Automatik,Grün,2.0,4,500.0
Audi,2012,1927.0,Benzin,Automatik,Schwarz,1.4,4,16400.0
Kia,2022,146584.0,Benzin,Automatik,Grün,4.0,5,13600.0
Skoda,2008,8301.0,Benzin,Automatik,Grün,1.6,4,8900.0
Ford,2015,86849.0,Benzin,Manuell,Grau,2.5,4,11900.0
Opel,2020,205065.0,Benzin,Automatik,Braun,1.6,5,9600.0
Opel,2007,202100.0,Benzin,Automatik,Blau,2.0,4,500.0
Audi,2011,68759.0,Benzin,Manuell,Schwarz,2.5,4,10300.0
Ford,2006,,Hybrid,Manuell,Blau,1.2,3,6000.0
Hyundai,2005,86991.0,Diesel,Automatik,Grau,2.0,4,3300.0
VW,2005,63058.0,Diesel,Manuell,Silber,3.0,5,3600.0
Skoda,2010,230330.0,Hybrid,Manuell,Silber,2.0,5,500.0
Opel,2023,195998.0,Hybrid,Manuell,Silber,1.2,4,7100.0
Audi,2011,154506.0,Elektro,Manuell,Grün,1.6,4,11200.0
Kia,2009,30341.0,Benzin,Manuell,Blau,1.0,4,5200.0
VW,2022,107845.0,Diesel,Automatik,Grün,2.5,4,15800.0
Opel,2017,146079.0,Elektro,Manuell,Silber,3.0,4,8300.0
Kia,2005,99878.0,Elektro,Manuell,Grün,1.2,4,3600.0
Hyundai,2014,157871.0,Diesel,Automatik,Weiß,1.8,4,6000.0
Kia,2013,55820.0,Benzin,Automatik,Schwarz,3.0,5,11400.0
VW,2021,146746.0,Hybrid,Manuell,Schwarz,3.0,4,13400.0
Kia,2005,146498.0,Benzin,Manuell,Braun,1.8,4,500.0
Hyundai,2005,203703.0,Benzin,Automatik,Grün,3.0,3,500.0
Skoda,2011,44791.0,Benzin,Automatik,Braun,2.0,5,8700.0
VW,2008,220712.0,Benzin,Manuell,Grau,1.8,5,500.0
Skoda,2016,3255.0,Benzin,Automatik,Rot,1.6,5,13600.0
Audi,2020,164898.0,Benzin,Automatik,Blau,1.8,4,16200.0
Ford,2018,231333.0,Hybrid,Automatik,Schwarz,1.6,4,4300.0
Kia,2014,,Benzin,Automatik,Grün,1.0,4,2400.0
Mercedes,2018,4944.0,Diesel,Manuell,Blau,1.4,4,23500.0
Skoda,2011,168898.0,Elektro,Automatik,Grau,3.0,4,1100.0
Hyundai,2008,30497.0,Diesel,Automatik,Silber,2.5,5,6400.0
Opel,2006,27723.0,Benzin,Automatik,Rot,2.5,4,4300.0
Skoda,2022,166359.0,Diesel,Automatik,Grau,1.4,3,11800.0
Opel,2020,11845.0,Benzin,Manuell,Weiß,4.0,4,17700.0
Kia,2013,89833.0,Benzin,Automatik,Silber,2.0,4,8000.0
Audi,2009,199178.0,Diesel,Automatik,Silber,3.0,4,3200.0
BMW,2013,93039.0,Hybrid,Automatik,Silber,3.0,4,12000.0
VW,2012,204058.0,Diesel,Automatik,Grau,1.4,4,8600.0
Opel,2020,216879.0,Benzin,Manuell,Weiß,1.6,5,4400.0
Opel,2022,237079.0,Benzin,Automatik,Rot,2.0,4,6200.0
VW,2008,55569.0,Benzin,Manuell,Blau,1.2,5,8700.0
BMW,2020,81434.0,Diesel,Automatik,Grau,2.5,5,21700.0
Kia,2008,210997.0,Benzin,Automatik,Schwarz,1.2,5,500.0
Hyundai,2010,244790.0,Elektro,Manuell,Schwarz,1.8,2,500.0
Ford,2007,156535.0,Benzin,Manuell,Grau,1.6,4,500.0
Opel,2022,744.0,Benzin,Manuell,Blau,4.0,3,19200.0
BMW,2019,219412.0,Benzin,Automatik,Schwarz,1.2,4,12600.0
BMW,2012,167354.0,Benzin,Automatik,Blau,2.5,5,10700.0
Audi,2022,,Diesel,Manuell,Silber,2.5,4,25100.0
Opel,2007,185761.0,Hybrid,Automatik,Grau,2.5,5,500.0
Skoda,2010,76407.0,Benzin,Manuell,Silber,1.0,4,6600.0
Kia,2019,79072.0,Benzin,Manuell,Schwarz,3.0,4,15900.0
Hyundai,2016,219705.0,Hybrid,Manuell,Blau,1.2,5,6200.0
BMW,2009,64766.0,Diesel,Manuell,Silber,1.8,4,16100.0
Audi,2011,65711.0,Hybrid,Automatik,Schwarz,1.2,5,10000.0
Audi,2019,246325.0,Benzin,Manuell,Grün,1.8,4,12700.0
VW,2011,3217.0,Benzin,Automatik,Weiß,2.5,5,13800.0
Opel,2017,211714.0,Benzin,Automatik,Silber,2.0,4,2700.0
BMW,2007,161431.0,Benzin,Automatik,Weiß,1.8,5,7000.0
Hyundai,2017,112000.0,Diesel,Automatik,Weiß,1.6,3,12600.0
Skoda,2007,53509.0,Benzin,Manuell,Rot,3.0,4,3800.0
Mercedes,2006,193042.0,Diesel,Manuell,Braun,3.0,5,6000.0
Mercedes,2008,22357.0,Benzin,Automatik,Schwarz,1.0,5,17000.0
Skoda,2021,42354.0,Elektro,Automatik,Grau,1.2,2,15000.0
BMW,2010,38570.0,Benzin,Manuell,Blau,1.4,4,14800.0
Opel,2015,7034.0,Benzin,Manuell,Grün,1.0,4,13800.0
Hyundai,2010,16263.0,Diesel,Manuell,Schwarz,1.4,4,8100.0
VW,2006,,Benzin,Manuell,Rot,3.0,4,500.0
Opel,2021,181171.0,Benzin,Manuell,Rot,1.6,4,9000.0
Ford,2007,205384.0,Benzin,Automatik,Grün,2.5,4,500.0
Opel,2016,240430.0,Elektro,Manuell,Silber,2.5,4,3600.0
Opel,2018,75348.0,Diesel,Manuell,Blau,1.8,4,10400.0
Kia,2006,85275.0,Diesel,Manuell,Rot,1.0,4,4300.0
BMW,2009,157997.0,Hybrid,Automatik,Grau,1.6,5,6600.0
VW,2014,19575.0,Hybrid,Manuell,Schwarz,2.5,3,11000.0
Kia,2014,22231.0,Diesel,Automatik,Grau,1.8,4,11900.0
BMW,2013,76935.0,Diesel,Automatik,Silber,1.2,4,17800.0
Toyota,2017,178803.0,Diesel,Manuell,Braun,3.0,4,9000.0
VW,2014,23100.0,Benzin,Automatik,Schwarz,1.2,2,14000.0
BMW,2010,141840.0,Hybrid,Automatik,Silber,3.0,3,9100.0
Mercedes,2015,229907.0,Diesel,Manuell,Blau,1.2,4,9700.0
Kia,2008,246991.0,Benzin,Manuell,Blau,1.8,4,500.0
Toyota,2018,190409.0,Benzin,Manuell,Braun,1.6,5,5700.0
VW,2021,247457.0,Benzin,Automatik,Grau,1.0,4,7700.0
Ford,2006,249130.0,Benzin,Manuell,Grau,3.0,5,500.0
Hyundai,2014,50697.0,Benzin,Automatik,Blau,1.4,4,8500.0
Ford,2007,11357.0,Benzin,Manuell,Weiß,1.6,4,5400.0
Mercedes,2011,198045.0,Benzin,Automatik,Blau,1.6,4,9700.0
Mercedes,2011,156018.0,Diesel,Manuell,Grün,1.8,4,11000.0
Skoda,2005,217496.0,Benzin,Automatik,Schwarz,1.4,4,500.0
Skoda,2012,71038.0,Benzin,Manuell,Grün,4.0,4,6700.0
Ford,2005,105912.0,Benzin,Automatik,Silber,1.6,4,3900.0
Kia,2012,55149.0,Elektro,Manuell,Blau,1.6,4,7700.0
Opel,2018,5566.0,Benzin,Automatik,Blau,2.0,3,16100.0
BMW,2018,122474.0,Benzin,Manuell,Braun,3.0,2,16300.0
Hyundai,2006,41576.0,Diesel,Automatik,Braun,2.5,4,5300.0
Toyota,2012,53318.0,Benzin,Automatik,Rot,1.6,3,10800.0
Hyundai,2023,69550.0,Benzin,Manuell,Silber,1.6,5,14700.0
Mercedes,2014,127059.0,Benzin,Manuell,Rot,1.8,3,14800.0
Skoda,2011,51408.0,Diesel,Automatik,Silber,1.8,4,11100.0
Opel,2017,184578.0,Diesel,Automatik,Grün,1.0,4,9400.0
Audi,2019,249070.0,Diesel,Manuell,Schwarz,3.0,3,10500.0
VW,2015,79149.0,Benzin,Manuell,Silber,1.8,5,12100.0
Audi,2018,40167.0,Diesel,Automatik,Grau,1.4,4,24800.0
Audi,2015,33699.0,Benzin,Manuell,Braun,1.4,4,20600.0
Kia,2006,,Benzin,Manuell,Blau,1.6,5,500.0
Kia,2006,49545.0,Benzin,Automatik,Braun,2.5,2,3600.0
Skoda,2016,231841.0,Diesel,Automatik,Silber,1.8,4,5600.0
Audi,2019,183501.0,Benzin,Manuell,Schwarz,1.0,5,12000.0
Toyota,2021,113927.0,Diesel,Manuell,Silber,1.8,4,16300.0
Mercedes,2018,218422.0,Elektro,Manuell,Blau,1.8,4,14100.0
Audi,2020,23386.0,Benzin,Automatik,Weiß,2.0,3,23900.0
Opel,2012,59273.0,Benzin,Automatik,Silber,2.5,5,7600.0
VW,2021,112312.0,Benzin,Automatik,Grau,1.8,4,13900.0
BMW,2009,41585.0,Benzin,Manuell,Braun,1.2,4,17000.0
Skoda,2016,130126.0,Benzin,Automatik,Blau,1.2,4,8300.0
Skoda,2010,235364.0,Hybrid,Automatik,Schwarz,1.6,5,500.0
Ford,2022,7509.0,Benzin,Automatik,Grün,1.0,2,19100.0
Opel,2009,218924.0,Diesel,Automatik,Grün,2.5,5,500.0
Kia,2010,242225.0,Benzin,Automatik,Blau,1.0,4,500.0
Mercedes,2013,76607.0,Elektro,Automatik,Rot,1.4,4,15400.0
Toyota,2019,224350.0,Elektro,Manuell,Weiß,2.5,4,5700.0
Opel,2014,112385.0,Diesel,Automatik,Schwarz,2.0,5,8800.0
Hyundai,2021,209836.0,Hybrid,Automatik,Weiß,2.5,4,7000.0
BMW,2023,208222.0,Benzin,Automatik,Grün,1.8,3,13500.0
VW,2016,206909.0,Benzin,Automatik,Weiß,3.0,5,2500.0
Ford,2013,63305.0,Diesel,Automatik,Grau,2.0,4,6300.0
Opel,2019,101085.0,Diesel,Automatik,Braun,1.6,4,14400.0
Ford,2018,,Elektro,Automatik,Grün,1.0,4,14300.0
BMW,2005,76910.0,Benzin,Manuell,Silber,1.2,4,10200.0
Audi,2021,34407.0,Benzin,Automatik,Grau,2.0,5,24200.0
Ford,2005,46606.0,Benzin,Automatik,Grau,1.6,5,3800.0
Skoda,2017,107277.0,Elektro,Manuell,Rot,1.4,4,10600.0
Kia,2012,210590.0,Hybrid,Automatik,Grau,2.5,4,3700.0
Audi,2017,130204.0,Diesel,Manuell,Schwarz,2.5,4,15400.0
Opel,2020,227866.0,Diesel,Automatik,Silber,1.2,4,8900.0
VW,2006,176724.0,Diesel,Automatik,Silber,3.0,4,1200.0
Skoda,2017,141320.0,Diesel,Automatik,Grün,1.0,4,7800.0
BMW,2022,10515.0,Benzin,Manuell,Schwarz,2.5,4,25100.0
Audi,2007,100578.0,Diesel,Automatik,Grau,1.0,4,7100.0
Skoda,2017,92345.0,Benzin,Automatik,Grau,1.4,4,13900.0
Kia,2023,141902.0,Diesel,Automatik,Weiß,1.4,5,13000.0
Audi,2017,60631.0,Benzin,Automatik,Grün,1.2,4,17000.0
Mercedes,2023,100784.0,Diesel,Manuell,Grün,1.8,4,24000.0
Mercedes,2008,125496.0,Elektro,Automatik,Weiß,1.6,4,9900.0
Audi,2023,137871.0,Diesel,Manuell,Rot,2.0,5,20100.0
Audi,2022,205155.0,Diesel,Automatik,Blau,1.2,4,19100.0
Mercedes,2010,228170.0,Diesel,Manuell,Weiß,1.6,4,8400.0
Opel,2023,145400.0,Diesel,Automatik,Silber,2.5,4,12700.0
Ford,2008,143751.0,Benzin,Manuell,Braun,1.0,4,500.0
VW,2008,,Diesel,Automatik,Schwarz,1.4,5,8300.0
Skoda,2011,126226.0,Benzin,Manuell,Grau,1.0,3,6400.0
Skoda,2011,228845.0,Diesel,Manuell,Blau,1.2,4,500.0
BMW,2020,46696.0,Diesel,Automatik,Weiß,4.0,4,26900.0
VW,2020,216514.0,Diesel,Manuell,Grün,1.8,3,9200.0
Toyota,2009,240035.0,Diesel,Manuell,Blau,1.6,4,500.0
Mercedes,2019,38872.0,Diesel,Manuell,Schwarz,1.6,4,21900.0
Toyota,2008,54971.0,Elektro,Automatik,Braun,3.0,4,7600.0
Kia,2017,82083.0,Benzin,Automatik,Schwarz,1.4,4,9700.0
VW,2023,23306.0,Hybrid,Manuell,Grün,1.6,4,25600.0
Hyundai,2011,159282.0,Diesel,Automatik,Blau,1.2,4,6000.0
BMW,2016,45693.0,Benzin,Automatik,Blau,2.0,4,21500.0
Audi,2013,28239.0,Elektro,Manuell,Rot,4.0,4,14200.0
Kia,2021,93366.0,Diesel,Automatik,Blau,1.6,4,15000.0
Ford,2006,68917.0,Hybrid,Automatik,Grau,2.0,4,5800.0
Hyundai,2020,100368.0,Diesel,Automatik,Braun,1.6,5,14700.0
VW,2011,235965.0,Benzin,Manuell,Braun,1.2,4,500.0
VW,2022,225449.0,Benzin,Manuell,Braun,2.0,5,9000.0
Toyota,2011,138519.0,Diesel,Manuell,Silber,2.5,3,4000.0
Opel,2005,216976.0,Elektro,Manuell,Weiß,1.6,4,500.0
Toyota,2007,151343.0,Diesel,Automatik,Grün,2.5,4,4100.0
Skoda,2015,196947.0,Benzin,Automatik,Weiß,3.0,4,800.0
Toyota,2019,118469.0,Diesel,Automatik,Braun,1.4,3,13600.0
Opel,2007,216582.0,Diesel,Automatik,Weiß,1.2,5,500.0
Ford,2017,223117.0,Benzin,Automatik,Blau,1.8,5,2500.0
Kia,2008,103434.0,Benzin,Manuell,Grün,1.2,4,500.0
Mercedes,2012,187915.0,Benzin,Manuell,Blau,1.8,4,9100.0
VW,2008,26221.0,Benzin,Automatik,Rot,2.0,5,12100.0
Audi,2022,195460.0,Benzin,Manuell,Blau,3.0,5,16400.0
Toyota,2011,92799.0,Benzin,Manuell,Rot,2.0,4,4800.0
Hyundai,2015,56467.0,Elektro,Manuell,Rot,1.6,4,13700.0
Ford,2008,73269.0,Benzin,Automatik,Grau,1.4,4,7200.0
BMW,2017,111414.0,Benzin,Automatik,Grau,1.2,4,17200.0
VW,2013,70585.0,Benzin,Automatik,Grau,1.0,4,14900.0
Opel,2013,43086.0,Benzin,Automatik,Braun,1.2,4,11400.0
Skoda,2023,110937.0,Diesel,Automatik,Grau,1.2,3,16700.0
Opel,2007,86624.0,Benzin,Manuell,Schwarz,1.8,4,1200.0
Toyota,2016,81144.0,Diesel,Automatik,Grau,4.0,4,13000.0
Kia,2015,638.0,Diesel,Automatik,Grau,1.0,5,14900.0
Skoda,2015,204317.0,Benzin,Automatik,Grau,1.6,5,5300.0
Hyundai,2021,70679.0,Diesel,Manuell,Rot,2.5,4,14400.0
Opel,2018,194006.0,Diesel,Automatik,Weiß,1.4,4,6500.0
Hyundai,2020,66760.0,Benzin,Automatik,Grün,3.0,4,13500.0
BMW,2014,47234.0,Diesel,Manuell,Weiß,1.4,4,13500.0
Hyundai,2008,61049.0,Elektro,Automatik,Weiß,3.0,3,7800.0
VW,2014,63843.0,Diesel,Manuell,Silber,1.2,4,9000.0
Ford,2016,179119.0,Benzin,Automatik,Schwarz,1.8,4,6100.0
Skoda,2013,110406.0,Hybrid,Automatik,Rot,1.6,4,8000.0
VW,2019,233621.0,Benzin,Automatik,Blau,4.0,2,8200.0
Audi,2013,140813.0,Benzin,Manuell,Rot,1.4,5,10800.0
Opel,2011,63004.0,Benzin,Manuell,Grau,1.8,4,7700.0
Opel,2016,61489.0,Diesel,Automatik,Weiß,4.0,3,12200.0
Audi,2018,22991.0,Elektro,Automatik,Rot,2.0,3,22700.0
Hyundai,2020,105711.0,Benzin,Automatik,Schwarz,1.2,4,16700.0
VW,2023,157153.0,Benzin,Manuell,Grau,1.0,4,15000.0
Skoda,2007,122761.0,Diesel,Automatik,Silber,1.0,5,2100.0
Skoda,2015,244166.0,Hybrid,Automatik,Blau,2.5,4,500.0
Audi,2023,57304.0,Benzin,Automatik,Grau,1.2,5,24400.0
Opel,2012,146714.0,Elektro,Automatik,Grün,2.5,4,5100.0
Audi,2012,75103.0,Benzin,Manuell,Blau,1.0,4,13500.0
BMW,2007,107163.0,Diesel,Manuell,Rot,1.6,4,10300.0
BMW,2014,235144.0,Diesel,Automatik,Grau,1.6,4,7900.0
BMW,2017,248134.0,Benzin,Automatik,Silber,1.8,4,11500.0
Mercedes,2013,118778.0,Diesel,Automatik,Rot,1.0,5,16300.0
Ford,2010,148471.0,Hybrid,Automatik,Schwarz,2.5,4,4400.0
Kia,2019,33103.0,Benzin,Manuell,Blau,1.2,4,16300.0
Toyota,2020,242329.0,Benzin,Automatik,Blau,1.2,5,4800.0
Mercedes,2009,15330.0,Benzin,Automatik,Schwarz,3.0,3,15200.0
Skoda,2017,147536.0,Benzin,Automatik,Braun,4.0,3,9900.0
Hyundai,2023,133206.0,Diesel,Manuell,Braun,2.0,4,19100.0
Opel,2006,124679.0,Benzin,Automatik,Grün,1.0,4,500.0
Hyundai,2010,49409.0,Diesel,Manuell,Braun,1.0,4,8900.0
Audi,2005,226270.0,Benzin,Manuell,Blau,2.5,4,500.0
Opel,2019,184.0,Hybrid,Manuell,Braun,3.0,4,14700.0
Toyota,2019,226995.0,Benzin,Manuell,Rot,1.4,4,5500.0
Toyota,2018,121529.0,Benzin,Automatik,Weiß,4.0,4,7200.0
VW,2011,180346.0,Benzin,Automatik,Grün,1.6,4,6500.0
Hyundai,2009,237432.0,Elektro,Manuell,Schwarz,1.6,4,500.0
Kia,2020,72799.0,Benzin,Manuell,Silber,1.4,5,14300.0
Toyota,2021,55810.0,Benzin,Manuell,Grün,3.0,4,14700.0
Ford,2015,78727.0,Elektro,Manuell,Grau,4.0,5,8300.0
VW,2019,200122.0,Elektro,Automatik,Braun,1.0,4,11900.0
Kia,2020,163806.0,Elektro,Automatik,Grau,1.2,4,10700.0
Opel,2007,202685.0,Benzin,Manuell,Schwarz,1.0,4,500.0
Hyundai,2010,50546.0,Benzin,Manuell,Braun,1.6,5,6800.0
Hyundai,2017,35120.0,Diesel,Automatik,Weiß,2.5,4,12800.0
Kia,2005,179556.0,Benzin,Automatik,Rot,2.5,5,500.0
Kia,2018,191635.0,Benzin,Automatik,Silber,2.0,5,7700.0
Toyota,2006,75036.0,Benzin,Automatik,Grau,1.8,3,7800.0
Opel,2006,80528.0,Hybrid,Automatik,Grau,1.6,2,500.0
VW,2019,186185.0,Benzin,Manuell,Rot,3.0,3,9800.0
Ford,2022,184168.0,Diesel,Automatik,Weiß,2.5,4,9800.0
Skoda,2013,10133.0,Benzin,Manuell,Blau,1.0,3,14300.0
Skoda,2007,137477.0,Diesel,Manuell,Grün,2.0,5,1900.0
Mercedes,2008,161341.0,Diesel,Manuell,Schwarz,1.2,2,9500.0
Ford,2019,213482.0,Benzin,Manuell,Weiß,1.6,4,7200.0
Opel,2009,96993.0,Benzin,Automatik,Weiß,1.8,4,2000.0
Opel,2009,115742.0,Diesel,Manuell,Weiß,3.0,5,5300.0
VW,2014,148157.0,Benzin,Automatik,Weiß,2.0,4,9400.0
Hyundai,2020,35702.0,Diesel,Manuell,Blau,1.2,5,18500.0
Mercedes,2016,210955.0,Diesel,Automatik,Rot,1.8,5,14800.0
VW,2018,144574.0,Diesel,Manuell,Silber,1.8,4,12000.0
Mercedes,2015,46479.0,Benzin,Automatik,Grün,2.0,4,22600.0
Hyundai,2023,79384.0,Benzin,Automatik,Weiß,1.0,4,17700.0
Audi,2010,87957.0,Diesel,Automatik,Grün,3.0,4,11200.0
Mercedes,2014,14426.0,Benzin,Manuell,Weiß,1.4,4,20500.0
VW,2007,201303.0,Hybrid,Automatik,Schwarz,1.8,2,500.0
Audi,2019,245579.0,Hybrid,Automatik,Grau,2.5,3,9900.0
Kia,2015,146932.0,Benzin,Manuell,Blau,1.4,4,10400.0
Ford,2006,46865.0,Benzin,Automatik,Weiß,2.0,4,5000.0
Toyota,2010,47404.0,Benzin,Automatik,Braun,1.8,4,8800.0
VW,2021,91246.0,Hybrid,Automatik,Silber,2.5,4,17000.0
Kia,2022,57423.0,Benzin,Automatik,Silber,1.4,5,23200.0
Skoda,2008,90947.0,Benzin,Manuell,Silber,1.2,4,2100.0
Skoda,2013,205451.0,Diesel,Automatik,Braun,1.6,3,900.0
Opel,2014,31152.0,Benzin,Manuell,Schwarz,1.4,5,8400.0
VW,2006,246176.0,Benzin,Automatik,Silber,1.6,5,500.0
BMW,2015,212181.0,Benzin,Manuell,Rot,2.5,3,10900.0
Toyota,2015,,Diesel,Manuell,Schwarz,1.8,4,8900.0
BMW,2015,,Benzin,Manuell,Blau,1.6,4,18400.0
Ford,2005,54325.0,Diesel,Automatik,Silber,2.0,3,3600.0
Opel,2018,169839.0,Elektro,Automatik,Grau,2.5,5,6400.0
Toyota,2005,224864.0,Diesel,Automatik,Weiß,1.8,4,500.0
Audi,2013,233242.0,Diesel,Manuell,Blau,2.5,5,9000.0
Mercedes,2005,172777.0,Benzin,Automatik,Rot,1.4,4,6700.0
Toyota,2008,133074.0,Benzin,Manuell,Grau,2.5,4,4500.0
Hyundai,2005,82159.0,Benzin,Automatik,Blau,1.4,4,4600.0
Audi,2023,191309.0,Diesel,Automatik,Rot,2.0,4,17400.0
Mercedes,2014,116632.0,Benzin,Automatik,Silber,3.0,2,15100.0
Ford,2019,55713.0,Benzin,Automatik,Blau,2.0,4,12900.0
Skoda,2008,41815.0,Benzin,Manuell,Blau,1.4,4,6000.0
Mercedes,2018,196069.0,Benzin,Automatik,Blau,1.8,5,13500.0
Hyundai,2009,191931.0,Diesel,Automatik,Schwarz,4.0,4,1600.0
Opel,2019,245301.0,Diesel,Automatik,Braun,3.0,5,5100.0
Mercedes,2019,194308.0,Benzin,Manuell,Grau,2.0,4,16900.0
Toyota,2020,87787.0,Diesel,Automatik,Grün,4.0,5,12300.0
Toyota,2020,248954.0,Benzin,Automatik,Rot,1.2,5,9400.0
Opel,2008,78243.0,Diesel,Manuell,Braun,4.0,4,3100.0
Toyota,2013,220725.0,Elektro,Automatik,Silber,2.0,5,500.0
Ford,2005,22743.0,Benzin,Automatik,Weiß,4.0,4,4000.0
Hyundai,2009,56739.0,Benzin,Automatik,Silber,1.6,5,11800.0
VW,2013,119492.0,Diesel,Manuell,Silber,1.8,4,7600.0
VW,2009,207398.0,Hybrid,Manuell,Schwarz,1.2,4,500.0
Skoda,2008,244677.0,Diesel,Manuell,Schwarz,1.4,4,500.0
Kia,2020,98156.0,Elektro,Manuell,Blau,1.0,3,13300.0
Ford,2006,130275.0,Diesel,Manuell,Braun,1.6,4,500.0
Kia,2020,212204.0,Diesel,Automatik,Silber,1.2,5,8200.0
VW,2022,30339.0,Diesel,Automatik,Grau,1.2,4,22200.0
Mercedes,2006,34121.0,Benzin,Automatik,Schwarz,1.0,4,13700.0
Mercedes,2020,174067.0,Diesel,Automatik,Rot,1.2,5,15100.0
Mercedes,2005,183104.0,Diesel,Manuell,Braun,1.6,5,4200.0
Toyota,2020,114132.0,Diesel,Manuell,Schwarz,2.0,4,12200.0
Toyota,2007,180903.0,Benzin,Automatik,Grau,2.5,2,500.0
BMW,2019,41446.0,Benzin,Automatik,Schwarz,2.5,3,24800.0
Mercedes,2015,249380.0,Diesel,Manuell,Grün,2.5,5,9200.0
Mercedes,2014,126530.0,Diesel,Automatik,Grau,1.6,5,14700.0
Audi,2021,176750.0,Hybrid,Automatik,Braun,1.8,4,19500.0
Opel,2008,151770.0,Benzin,Manuell,Grün,1.4,4,2100.0
VW,2021,236240.0,Benzin,Automatik,Grün,1.0,5,10100.0
Toyota,2008,211324.0,Benzin,Manuell,Weiß,3.0,5,2800.0
Hyundai,2023,96342.0,Diesel,Manuell,Grau,2.5,5,17100.0
Toyota,2005,83404.0,Benzin,Automatik,Weiß,4.0,4,500.0
Hyundai,2018,47918.0,Hybrid,Automatik,Rot,1.6,4,16200.0
BMW,2015,,Benzin,Manuell,Blau,1.8,4,13000.0
Hyundai,2011,246450.0,Elektro,Automatik,Blau,1.8,4,500.0
Toyota,2021,188307.0,Diesel,Automatik,Braun,2.5,5,7000.0
Skoda,2008,6125.0,Elektro,Manuell,Braun,4.0,4,7700.0
Toyota,2014,238580.0,Benzin,Automatik,Braun,3.0,5,1500.0
Ford,2021,127422.0,Diesel,Automatik,Grün,2.5,4,10900.0
Skoda,2008,231723.0,Benzin,Automatik,Schwarz,1.0,5,500.0
Mercedes,2023,178583.0,Benzin,Automatik,Grau,2.0,4,21500.0
VW,2022,233084.0,Benzin,Automatik,Schwarz,4.0,4,8500.0
Hyundai,2021,29046.0,Diesel,Automatik,Grau,2.5,4,18900.0
Toyota,2010,219368.0,Benzin,Automatik,Braun,1.0,3,500.0
Toyota,2011,122618.0,Hybrid,Automatik,Schwarz,4.0,5,5300.0
Hyundai,2010,10114.0,Benzin,Manuell,Blau,1.4,4,10600.0
Kia,2016,637.0,Benzin,Manuell,Rot,4.0,4,13300.0
VW,2013,38634.0,Benzin,Automatik,Blau,1.6,5,9800.0
Audi,2022,88713.0,Diesel,Automatik,Schwarz,4.0,5,22100.0
Opel,2006,35776.0,Benzin,Manuell,Grau,3.0,4,6800.0
Mercedes,2021,154672.0,Elektro,Manuell,Silber,2.5,5,18900.0
